DATE,Wind,Precip,Snow,SnowDepth,Temp,TempHigh,TempLow,FastestWindDirection,FastestWindSpeed
1/1/16,12.75,0,0,0,31,35,29,250,23
1/2/16,8.5,0,0,0,30,36,26,220,17
1/3/16,10.74,0.01,0.1,0,32,34,28,210,17
1/4/16,12.97,0.03,0.6,0,26,28,12,320,25.9
1/5/16,2.46,0,0,0,15,27,7,150,8.9
1/6/16,1.34,0,0,0,23,41,10,230,10.1
1/7/16,1.57,0,0,0,29,47,16,80,8.1
1/8/16,3.13,0.28,0,0,30,41,22,150,8.9
1/9/16,7.38,0.05,0,0,45,54,39,130,17
1/10/16,16.11,0.49,0.4,0,42,48,19,280,36
1/11/16,10.51,0.01,0.1,0,19,22,13,280,21.9
1/12/16,14.76,0.23,4.7,1.2,24,31,12,280,31.1
1/13/16,8.5,0,0.1,3.9,11,19,3,240,18.1
1/14/16,7.61,0,0,2,28,43,19,220,16.1
1/15/16,6.71,0.12,0,1.2,42,49,36,190,16.1
1/16/16,10.51,0.03,0,0,38,41,30,290,21
1/17/16,10.29,0.05,0.9,0,29,30,9,300,28
1/18/16,12.75,0,0,1.2,10,13,5,280,21.9
1/19/16,8.05,0,0.1,1.2,10,18,5,290,18.1
1/20/16,3.36,0.06,2,1.2,12,19,4,300,14.1
1/21/16,4.7,0,0,2,16,22,10,290,12.1
1/22/16,7.83,0.32,2.9,2,17,23,10,50,18.1
1/23/16,12.08,0.1,2,3.9,21,29,12,340,21
1/24/16,4.7,0,0,3.1,17,28,7,230,15
1/25/16,5.37,0,0,2,27,44,15,190,13
1/26/16,12.97,0,0,1.2,43,50,32,240,23.9
1/27/16,8.28,0,0,0,31,33,21,270,18.1
1/28/16,8.72,0,0,0,28,43,20,210,21
1/29/16,13.42,0.01,0.7,0,32,36,19,310,28
1/30/16,8.5,0,0,0,32,55,17,210,21
1/31/16,9.84,0,0,0,53,61,48,210,23.9
2/1/16,8.95,0.05,0,0,49,60,30,290,23
2/2/16,8.95,0,0,0,35,50,24,120,21
2/3/16,12.3,0.47,0,0,52,62,41,320,23.9
2/4/16,7.61,0,0,0,40,41,29,280,18.1
2/5/16,8.28,0.01,0.2,0,30,36,25,300,19.9
2/6/16,6.71,0,0,0,33,43,25,250,15
2/7/16,4.92,0,0,0,35,51,21,210,15
2/8/16,6.71,0.04,0,0,37,44,30,210,21
2/9/16,7.38,0.17,2,0,31,32,24,250,17
2/10/16,11.63,0.1,2.5,1.2,22,24,14,270,21
2/11/16,11.63,0.01,0.2,3.9,15,18,8,290,25.1
2/12/16,7.16,0.02,1,3.1,12,20,4,290,28
2/13/16,15.43,0.01,0.8,3.1,12,15,2,290,28
2/14/16,3.8,0,0,3.1,7,19,-2,100,13
2/15/16,7.83,0.27,0.1,2,24,34,19,120,15
2/16/16,10.07,0.81,1.5,1.2,33,35,30,310,19.9
2/17/16,8.05,0.03,0.6,1.2,31,34,23,300,16.1
2/18/16,3.36,0,0,2,24,33,11,20,13
2/19/16,11.18,0,0,1.2,36,59,24,240,25.9
2/20/16,14.76,0,0,0,58,67,48,230,30
2/21/16,6.04,0,0,0,48,55,35,360,21
2/22/16,6.71,0,0,0,38,49,29,50,14.1
2/23/16,8.5,0,0,0,41,53,33,110,16.1
2/24/16,11.18,1.01,0,0,45,62,39,120,21.9
2/25/16,16.78,0.1,0.5,0,38,45,27,310,31.1
2/26/16,14.54,0,0.1,0,27,31,22,310,30
2/27/16,9.17,0,0,0,30,41,27,240,18.1
2/28/16,11.86,0,0,0,46,63,35,220,25.9
2/29/16,13.42,0.04,0,0,49,59,36,300,35.1
3/1/16,10.51,0.31,0,0,46,65,30,290,33.1
3/2/16,15.66,0,0,0,33,38,24,300,33.1
3/3/16,5.14,0.04,0.7,0,27,34,18,150,12.1
3/4/16,5.82,0.08,1,2,31,33,29,340,13
3/5/16,3.36,0,0,0,33,41,29,160,8.9
3/6/16,4.92,0,0,0,36,40,31,210,12.1
3/7/16,7.83,0,0,0,44,66,29,230,18.1
3/8/16,7.16,0,0,0,59,71,51,230,18.1
3/9/16,8.5,0,0,0,62,74,48,230,23
3/10/16,5.82,0.55,0,0,62,65,55,350,19.9
3/11/16,7.61,0.05,0,0,50,55,40,330,19.9
3/12/16,2.91,0,0,0,49,68,32,300,10.1
3/13/16,7.83,0.23,0,0,55,59,50,130,21
3/14/16,8.28,0.73,0,0,58,73,51,110,21.9
3/15/16,5.14,0,0,0,54,59,50,280,15
3/16/16,11.18,0,0,0,57,68,49,240,30
3/17/16,10.74,0,0,0,54,60,41,290,30
3/18/16,12.97,0,0,0,48,60,35,300,35.1
3/19/16,5.82,0.01,0,0,37,40,32,10,15
3/20/16,6.26,0.07,0.4,0,36,37,32,90,15
3/21/16,9.62,0,0,0,34,44,25,290,25.1
3/22/16,8.95,0,0,0,42,60,28,210,21.9
3/23/16,8.72,0,0,0,60,68,53,230,23
3/24/16,11.63,0.09,0,0,62,75,51,230,31.1
3/25/16,11.18,0.18,0,0,49,59,34,290,23
3/26/16,3.8,0,0,0,41,59,33,30,12.1
3/27/16,6.49,0,0,0,53,76,34,150,19.9
3/28/16,14.99,0.49,0,0,54,60,39,290,29.1
3/29/16,9.62,0,0,0,43,53,34,10,19.9
3/30/16,6.71,0,0,0,47,69,29,200,19.9
3/31/16,11.63,0,0,0,65,72,61,210,23
4/1/16,10.51,0.08,0,0,62,68,45,330,29.1
4/2/16,15.43,0.18,0.6,0,46,52,32,320,35.1
4/3/16,13.87,0.02,0.2,0,34,52,25,320,32
4/4/16,15.66,0.13,0,0,47,55,27,220,25.1
4/5/16,6.26,0,0.1,0,31,42,23,360,16.1
4/6/16,10.29,0,0,0,42,67,29,190,23.9
4/7/16,12.53,0.15,0,0,49,53,35,290,31.1
4/8/16,11.86,0.12,0.7,1.2,38,47,31,300,23
4/9/16,14.32,0.18,1.5,0,34,35,24,310,30
4/10/16,6.71,0.01,0,0,29,51,19,150,15
4/11/16,11.41,0.7,0,0,53,65,48,210,23.9
4/12/16,10.96,0.02,0,0,46,50,36,310,21.9
4/13/16,5.82,0,0,0,42,56,29,110,13
4/14/16,6.04,0,0,0,51,67,37,110,15
4/15/16,6.71,0,0,0,57,71,44,110,14.1
4/16/16,3.58,0,0,0,60,74,42,90,10.1
4/17/16,3.36,0,0,0,64,81,45,340,13
4/18/16,4.92,0,0,0,67,80,49,290,16.1
4/19/16,9.62,0,0,0,65,73,52,360,18.1
4/20/16,8.05,0,0,0,59,74,46,100,16.1
4/21/16,6.04,0,0,0,66,75,57,320,23
4/22/16,5.37,0.11,0,0,62,68,55,340,18.1
4/23/16,11.86,0,0,0,55,61,47,360,18.1
4/24/16,2.91,0,0,0,53,70,37,280,10.1
4/25/16,5.59,0,0,0,62,80,41,240,19.9
4/26/16,12.3,0.12,0,0,70,77,49,320,28
4/27/16,6.26,0,0,0,54,67,45,10,12.1
4/28/16,6.71,0.21,0,0,53,55,47,20,10.1
4/29/16,6.71,0,0,0,49,57,46,340,14.1
4/30/16,5.82,0.22,0,0,54,66,45,130,15
5/1/16,6.49,0.28,0,0,61,74,54,10,14.1
5/2/16,8.72,0.67,0,0,60,67,51,310,18.1
5/3/16,6.71,0,0,0,54,64,47,310,15
5/4/16,3.58,0.04,0,0,56,63,49,300,15
5/5/16,8.28,0.05,0,0,54,65,49,360,19.9
5/6/16,12.3,0,0,0,57,70,50,340,28
5/7/16,4.92,0.12,0,0,58,73,45,310,17
5/8/16,10.74,0,0,0,58,65,46,280,23.9
5/9/16,4.92,0,0,0,54,56,48,230,13
5/10/16,5.82,0.22,0,0,56,69,51,250,16.1
5/11/16,3.13,0.01,0,0,63,74,57,40,8.9
5/12/16,5.14,0.25,0,0,65,79,54,220,30
5/13/16,10.07,0.16,0,0,65,70,55,280,21.9
5/14/16,11.63,0.27,0,0,54,57,42,290,28
5/15/16,13.65,0.01,0,0,44,50,38,320,32
5/16/16,7.16,0,0,0,48,63,35,280,16.1
5/17/16,3.58,0,0,0,56,62,51,360,10.1
5/18/16,5.82,0.14,0,0,55,60,46,60,13
5/19/16,4.7,0,0,0,55,70,42,350,12.1
5/20/16,6.71,0.03,0,0,60,74,42,140,14.1
5/21/16,8.05,1.09,0,0,59,58,52,360,13
5/22/16,6.93,0.26,0,0,55,68,50,100,23.9
5/23/16,4.25,0.01,0,0,61,79,49,40,18.1
5/24/16,6.04,0,0,0,66,80,51,300,18.1
5/25/16,4.92,0,0,0,71,82,59,210,14.1
5/26/16,6.93,0,0,0,74,82,67,210,15
5/27/16,5.82,0,0,0,76,87,66,210,17
5/28/16,4.25,0,0,0,78,88,66,240,13
5/29/16,3.36,0,0,0,76,82,63,120,21
5/30/16,4.47,0,0,0,71,83,61,330,13
5/31/16,3.58,0,0,0,74,87,59,350,15
6/1/16,4.92,0,0,0,76,88,60,280,14.1
6/2/16,5.59,0.25,0,0,76,85,68,240,8.1
6/3/16,3.8,0.08,0,0,74,84,66,290,16.1
6/4/16,3.58,0.05,0,0,74,80,67,130,10.1
6/5/16,8.5,0.26,0,0,71,76,65,270,19.9
6/6/16,8.5,0.65,0,0,69,81,62,310,23
6/7/16,9.4,0,0,0,65,72,56,340,28
6/8/16,12.3,0.01,0,0,59,66,50,310,28
6/9/16,8.28,0,0,0,60,72,49,300,23
6/10/16,4.03,0,0,0,68,81,56,280,12.1
6/11/16,10.74,0,0,0,78,90,70,290,23.9
6/12/16,14.09,0,0,0,76,80,59,310,25.9
6/13/16,8.05,0,0,0,64,77,50,10,17
6/14/16,4.47,0,0,0,67,80,58,80,13
6/15/16,4.25,0.2,0,0,74,87,64,250,18.1
6/16/16,5.82,1.07,0,0,72,78,67,360,38
6/17/16,7.61,0.01,0,0,71,82,66,90,15
6/18/16,4.47,0,0,0,74,86,61,80,13
6/19/16,5.14,0,0,0,75,84,63,270,14.1
6/20/16,7.16,0,0,0,76,89,63,230,15
6/21/16,8.5,0,0,0,79,85,65,320,19.9
6/22/16,7.38,0,0,0,71,83,60,280,15
6/23/16,5.14,0.51,0,0,70,72,68,190,12.1
6/24/16,5.82,0,0,0,73,84,66,20,16.1
6/25/16,4.47,0,0,0,75,87,63,130,12.1
6/26/16,6.04,0,0,0,79,92,65,220,14.1
6/27/16,5.37,0.01,0,0,79,89,72,290,13
6/28/16,9.62,0,0,0,76,82,62,330,19.9
6/29/16,5.82,0,0,0,65,74,54,340,14.1
6/30/16,2.01,0,0,0,68,81,54,120,10.1
7/1/16,6.71,0.13,0,0,70,81,58,310,23
7/2/16,3.13,0,0,0,65,73,55,350,13
7/3/16,2.24,0,0,0,65,75,55,100,12.1
7/4/16,4.03,0.23,0,0,69,76,62,150,12.1
7/5/16,5.59,0.05,0,0,74,86,69,280,14.1
7/6/16,5.59,0.09,0,0,78,87,69,280,25.9
7/7/16,7.16,0.01,0,0,76,86,69,350,16.1
7/8/16,7.83,0,0,0,76,86,68,230,17
7/9/16,10.51,0,0,0,77,83,67,290,23
7/10/16,6.71,0,0,0,72,84,61,320,15
7/11/16,2.01,0,0,0,74,88,60,300,10.1
7/12/16,5.14,0,0,0,78,90,64,210,15
7/13/16,7.83,0,0,0,79,88,73,310,25.9
7/14/16,9.84,0.41,0,0,78,88,69,210,25.9
7/15/16,8.72,0,0,0,76,85,70,230,16.1
7/16/16,5.82,0,0,0,75,84,66,360,17
7/17/16,5.82,0,0,0,74,86,62,210,16.1
7/18/16,8.05,0.01,0,0,79,87,74,300,18.1
7/19/16,6.71,0,0,0,78,87,67,330,17
7/20/16,3.58,0,0,0,74,85,58,300,12.1
7/21/16,4.7,0,0,0,75,91,58,280,16.1
7/22/16,8.05,0.5,0,0,79,88,69,20,23.9
7/23/16,4.47,0,0,0,80,92,71,360,13
7/24/16,4.47,0.36,0,0,78,91,68,300,38.9
7/25/16,7.38,0.02,0,0,80,93,71,310,25.9
7/26/16,4.47,0,0,0,79,89,70,20,12.1
7/27/16,2.46,0,0,0,78,90,69,60,6
7/28/16,2.68,0.38,0,0,74,76,67,210,10.1
7/29/16,2.24,0,0,0,72,85,64,20,8.9
7/30/16,2.68,0.85,0,0,73,81,67,260,13
7/31/16,3.58,0.08,0,0,72,85,64,350,13
8/1/16,3.36,0.03,0,0,76,87,67,50,18.1
8/2/16,3.8,0,0,0,75,88,65,40,10.1
8/3/16,4.92,0,0,0,77,87,66,150,15
8/4/16,6.71,0,0,0,76,84,71,130,16.1
8/5/16,7.38,0.11,0,0,77,87,67,200,14.1
8/6/16,8.95,0.08,0,0,78,83,64,330,18.1
8/7/16,4.7,0,0,0,72,85,59,360,16.1
8/8/16,4.92,0,0,0,74,85,65,150,13
8/9/16,6.49,0,0,0,77,88,66,150,17
8/10/16,5.14,0.01,0,0,80,87,75,240,15
8/11/16,3.8,0.02,0,0,80,91,73,280,19.9
8/12/16,5.59,0.81,0,0,80,90,76,290,23
8/13/16,6.49,0.26,0,0,81,90,75,300,21
8/14/16,5.37,0.42,0,0,76,81,70,210,13
8/15/16,2.91,0.11,0,0,73,80,69,260,8.1
8/16/16,9.62,0.32,0,0,78,88,71,290,28
8/17/16,4.25,0.47,0,0,73,76,69,290,8.9
8/18/16,6.26,0,0,0,74,85,67,250,15
8/19/16,3.36,0,0,0,74,85,64,170,12.1
8/20/16,6.71,0,0,0,77,86,69,210,15
8/21/16,8.95,0.2,0,0,75,77,63,290,19.9
8/22/16,5.59,0,0,0,68,77,58,300,12.1
8/23/16,2.46,0,0,0,69,81,56,180,12.1
8/24/16,5.59,0,0,0,72,85,60,190,17
8/25/16,8.72,0.37,0,0,78,88,72,340,19.9
8/26/16,5.37,0,0,0,79,87,69,290,14.1
8/27/16,3.36,0,0,0,77,89,65,160,10.1
8/28/16,3.8,0,0,0,80,89,70,310,31.1
8/29/16,4.92,0,0,0,75,87,66,360,12.1
8/30/16,2.24,0,0,0,74,88,60,60,8.1
8/31/16,2.24,0.08,0,0,73,85,61,20,13
9/1/16,11.18,0,0,0,70,79,62,350,21.9
9/2/16,7.61,0,0,0,66,77,57,50,18.1
9/3/16,5.59,0,0,0,68,79,57,30,13
9/4/16,2.01,0,0,0,68,83,53,120,10.1
9/5/16,1.79,0,0,0,71,86,56,310,12.1
9/6/16,4.92,0,0,0,74,88,62,290,23
9/7/16,6.71,0.19,0,0,78,87,71,240,23
9/8/16,8.95,0.05,0,0,80,88,73,210,21.9
9/9/16,3.8,0.65,0,0,75,80,71,270,8.9
9/10/16,9.84,0.13,0,0,78,89,67,300,38
9/11/16,6.93,0,0,0,68,75,59,300,16.1
9/12/16,2.46,0,0,0,66,79,51,130,8.9
9/13/16,3.8,0,0,0,71,83,58,280,14.1
9/14/16,5.82,0.05,0,0,68,81,58,360,29.1
9/15/16,6.71,0,0,0,65,75,56,50,12.1
9/16/16,5.14,0,0,0,67,82,54,120,14.1
9/17/16,7.16,0.06,0,0,72,81,65,210,17
9/18/16,4.7,0.01,0,0,72,75,68,210,15
9/19/16,2.91,0,0,0,71,83,62,40,12.1
9/20/16,2.24,0,0,0,71,86,58,40,8.9
9/21/16,2.68,0,0,0,72,86,57,330,12.1
9/22/16,2.01,0,0,0,72,87,58,140,10.1
9/23/16,4.47,0,0,0,73,88,59,280,14.1
9/24/16,8.28,0,0,0,70,75,57,10,14.1
9/25/16,3.8,0,0,0,62,76,50,40,8.1
9/26/16,5.37,0.01,0,0,63,78,52,300,21.9
9/27/16,7.38,0,0,0,61,72,52,210,21
9/28/16,8.72,0,0,0,61,76,47,120,23
9/29/16,9.84,1.43,0,0,61,67,56,110,21.9
9/30/16,10.51,0.5,0,0,59,66,56,100,21
10/1/16,3.36,0.37,0,0,61,71,55,280,19.9
10/2/16,4.47,0.11,0,0,61,68,56,310,15
10/3/16,1.12,0,0,0,59,70,50,40,8.9
10/4/16,6.04,0,0,0,60,73,50,130,15
10/5/16,6.93,0,0,0,62,71,53,120,14.1
10/6/16,3.8,0,0,0,61,76,49,90,10.1
10/7/16,6.49,0.1,0,0,62,75,50,150,16.1
10/8/16,7.16,0.01,0,0,62,64,45,330,21
10/9/16,9.4,0,0,0,51,61,42,330,21
10/10/16,3.13,0,0,0,50,62,39,10,10.1
10/11/16,2.91,0,0,0,50,64,36,140,12.1
10/12/16,4.92,0,0,0,58,74,44,200,14.1
10/13/16,8.95,0,0,0,59,64,42,330,21.9
10/14/16,3.13,0,0,0,47,61,33,120,13
10/15/16,4.03,0,0,0,53,75,37,200,14.1
10/16/16,6.26,0,0,0,66,77,59,250,18.1
10/17/16,7.61,0.31,0,0,68,78,61,210,17
10/18/16,10.29,0,0,0,70,79,62,210,23
10/19/16,4.7,0.06,0,0,71,75,63,310,12.1
10/20/16,6.71,1.25,0,0,67,79,60,310,36
10/21/16,14.09,1.26,0,0,55,60,46,320,23
10/22/16,13.65,0.02,0,0,45,49,41,290,28
10/23/16,10.07,0,0,0,49,64,41,280,21
10/24/16,12.08,0,0,0,55,61,45,300,23.9
10/25/16,7.38,0,0,0,46,55,38,290,17
10/26/16,4.92,0,0,0,40,48,31,60,13
10/27/16,10.96,0.16,0,0,51,61,44,300,25.9
10/28/16,5.14,0.03,0,0,46,54,42,300,10.1
10/29/16,8.5,0,0,0,56,75,42,230,21
10/30/16,11.18,0.26,0,0,65,71,47,310,28
10/31/16,4.92,0,0,0,47,52,40,20,15
11/1/16,4.92,0,0,0,53,77,39,210,15
11/2/16,6.93,0,0,0,68,80,57,270,16.1
11/3/16,10.96,0.14,0,0,65,68,50,320,21
11/4/16,6.71,0,0,0,51,57,39,330,18.1
11/5/16,4.25,0,0,0,48,62,36,250,13
11/6/16,1.57,0,0,0,52,65,41,290,10.1
11/7/16,1.57,0,0,0,51,69,37,100,8.9
11/8/16,4.25,0.07,0,0,51,66,36,270,15
11/9/16,11.18,0.05,0,0,51,53,41,340,23
11/10/16,8.5,0,0,0,46,59,37,230,18.1
11/11/16,12.3,0,0,0,50,58,35,350,29.1
11/12/16,2.24,0,0,0,39,49,27,300,10.1
11/13/16,3.36,0,0,0,41,55,30,300,12.1
11/14/16,2.91,0,0,0,43,58,27,210,13
11/15/16,1.57,0,0,0,45,59,33,290,13
11/16/16,6.71,0,0,0,49,56,39,320,16.1
11/17/16,2.46,0,0,0,44,61,32,150,8.9
11/18/16,3.58,0,0,0,54,74,40,180,13
11/19/16,12.3,0.24,0.5,0,51,60,33,290,30
11/20/16,18.34,0.08,1.6,1.2,33,34,30,290,29.1
11/21/16,15.43,0,0,0,31,36,28,290,30
11/22/16,5.37,0,0,0,31,39,23,320,17
11/23/16,3.36,0,0,0,33,45,23,90,8.9
11/24/16,4.92,0.22,0,0,46,51,41,270,13
11/25/16,5.82,0,0,0,45,46,38,290,14.1
11/26/16,8.72,0.01,0,0,39,45,37,290,19.9
11/27/16,4.92,0,0,0,40,46,32,280,14.1
11/28/16,5.82,0,0,0,40,52,30,110,15
11/29/16,6.71,0.17,0,0,54,64,47,140,15
11/30/16,8.28,0.45,0,0,53,60,47,300,35.1
12/1/16,10.96,0,0,0,44,48,38,270,23.9
12/2/16,10.51,0,0,0,38,41,35,280,17
12/3/16,7.38,0,0,0,38,39,36,290,16.1
12/4/16,5.14,0.09,0,0,37,42,32,110,15
12/5/16,8.05,0.03,0,0,41,44,31,270,21
12/6/16,9.62,0.37,0,0,37,44,32,120,19.9
12/7/16,8.05,0,0,0,39,43,35,290,23
12/8/16,11.63,0,0,0,33,35,24,280,23.9
12/9/16,10.74,0,0,0,25,28,23,270,16.1
12/10/16,8.05,0,0.1,0,26,29,23,260,17
12/11/16,6.49,0.38,1.2,1.2,26,35,23,120,14.1
12/12/16,11.18,0.27,0,0,38,43,30,290,23.9
12/13/16,2.68,0.29,3.8,0,30,33,26,300,14.1
12/14/16,10.96,0,0,3.9,26,31,17,280,23.9
12/15/16,12.08,0,0,3.9,15,19,7,280,25.1
12/16/16,6.26,0,0,2,10,23,5,140,12.1
12/17/16,6.71,0.84,0,2,31,61,23,210,21.9
12/18/16,13.42,0.76,0.1,0,42,62,22,320,29.1
12/19/16,2.01,0,0,0,23,26,16,10,8.9
12/20/16,5.37,0,0,0,23,36,14,200,13
12/21/16,6.71,0,0,0,31,36,27,200,13
12/22/16,9.17,0,0,0,36,41,34,280,17
12/23/16,5.59,0,0,0,34,40,29,270,13
12/24/16,9.4,0.01,0,0,42,49,37,210,19.9
12/25/16,6.04,0,0,0,36,39,31,50,13
12/26/16,10.51,0.08,0,0,44,66,34,200,28
12/27/16,12.3,0.07,0,0,51,66,36,270,28
12/28/16,8.28,0,0,0,36,41,31,280,21.9
12/29/16,11.18,0.18,0.1,0,35,39,31,280,25.9
12/30/16,14.09,0.04,0.7,1.2,30,31,25,300,30
12/31/16,11.41,0.02,0,0,31,43,23,210,25.9
1/1/17,4.47,0.01,0,0,37,44,30,280,23
1/2/17,6.93,0.1,0,0,41,47,36,110,13
1/3/17,6.93,0.98,0,0,45,49,42,300,19.9
1/4/17,16.78,0,0,0,39,43,22,270,27.1
1/5/17,8.5,0.09,1.7,0,21,22,17,280,17
1/6/17,6.26,0,0.2,2,14,17,5,300,15
1/7/17,8.05,0,0,1.2,10,17,5,280,19.9
1/8/17,10.96,0,0,1.2,11,16,6,280,25.1
1/9/17,6.26,0,0,1.2,14,28,4,210,15
1/10/17,11.86,0.16,0.5,1.2,30,50,23,200,28
1/11/17,10.74,0.16,0,0,48,58,38,210,32
1/12/17,15.43,0.4,0,0,59,66,36,210,30
1/13/17,9.17,0,0,0,36,36,28,340,16.1
1/14/17,4.03,0.01,0,0,30,35,27,50,10.1
1/15/17,2.24,0,0,0,30,34,23,330,8.9
1/16/17,1.34,0,0,0,30,38,23,50,6.9
1/17/17,8.05,0.05,0,0,46,62,37,280,21
1/18/17,9.62,0.01,0,0,45,50,38,290,21.9
1/19/17,4.25,0,0,0,39,42,31,240,10.1
1/20/17,4.47,0.22,0,0,41,56,32,220,14.1
1/21/17,4.03,0.01,0,0,52,64,38,210,16.1
1/22/17,5.59,0.01,0,0,54,62,47,110,15
1/23/17,10.96,0.77,0.3,0,48,50,33,60,21
1/24/17,9.62,0.03,0,0,37,40,36,310,19.9
1/25/17,7.83,0.04,0,0,42,52,37,280,16.1
1/26/17,13.2,0.15,0,0,41,51,32,240,23
1/27/17,11.41,0.06,1.3,0,31,32,28,270,25.1
1/28/17,12.3,0.03,0.3,1.2,29,33,27,290,23.9
1/29/17,8.05,0.03,0.3,1.2,30,32,27,260,13
1/30/17,10.07,0.06,1.4,1.2,26,28,22,300,25.1
1/31/17,11.86,0.16,1.5,1.2,30,39,23,250,21
2/1/17,9.17,0.02,0,0,37,38,34,290,21.9
2/2/17,10.51,0.01,0.3,0,33,34,22,310,21.9
2/3/17,9.84,0,0,0,22,26,18,290,21.9
2/4/17,7.61,0,0,0,21,31,13,230,17
2/5/17,10.07,0,0,0,34,45,25,230,21.9
2/6/17,4.92,0.06,0,0,39,54,25,210,17
2/7/17,11.41,0.45,0,0,52,63,41,210,21.9
2/8/17,11.63,0.27,3.2,0,48,56,29,350,25.1
2/9/17,15.21,0.09,2,3.1,26,29,18,300,31.1
2/10/17,8.05,0,0,3.1,19,31,14,290,19.9
2/11/17,5.82,0,0,0,42,57,30,230,15
2/12/17,14.99,0.22,0,0,48,57,35,300,40.9
2/13/17,13.87,0.01,0.2,0,35,39,26,290,32
2/14/17,8.72,0,0,0,35,50,25,230,21.9
2/15/17,14.54,0.03,0.8,0,38,43,26,300,28
2/16/17,10.74,0,0.2,0,26,28,18,290,21.9
2/17/17,4.03,0,0,0,31,53,18,160,8.9
2/18/17,10.07,0,0,0,53,68,43,240,19.9
2/19/17,8.5,0,0,0,54,65,44,300,18.1
2/20/17,1.79,0,0,0,48,61,34,110,6.9
2/21/17,5.82,0,0,0,53,65,45,210,13
2/22/17,4.7,0,0,0,58,66,51,190,14.1
2/23/17,6.49,0,0,0,60,69,54,240,16.1
2/24/17,9.17,0,0,0,64,76,55,210,23.9
2/25/17,14.99,0.3,0,0,54,66,28,270,29.1
2/26/17,9.17,0,0,0,31,39,26,290,21.9
2/27/17,5.82,0,0,0,38,46,32,200,17
2/28/17,6.93,0,0,0,45,57,35,200,19.9
3/1/17,16.11,1.13,0,0,58,61,39,270,35.1
3/2/17,16.11,0.02,0.3,0,37,41,28,290,35.1
3/3/17,13.42,0,0,0,27,32,20,330,33.1
3/4/17,7.16,0,0,0,24,33,18,300,16.1
3/5/17,6.93,0,0,0,28,47,16,120,13
3/6/17,6.93,0.33,0,0,45,56,38,210,18.1
3/7/17,10.51,0.44,0,0,53,60,41,220,21
3/8/17,15.21,0,0,0,47,56,39,240,32
3/9/17,10.51,0.1,0.7,0,49,58,33,20,19.9
3/10/17,14.54,0.25,3.2,3.1,34,33,21,310,32
3/11/17,12.3,0,0,1.2,21,26,15,310,23
3/12/17,5.59,0,0,1.2,22,28,15,310,17
3/13/17,9.17,0,0,0,27,41,19,110,15
3/14/17,17,0.06,1.2,0,29,34,16,320,29.1
3/15/17,18.79,0.1,1.8,1.2,19,26,15,300,35.1
3/16/17,12.3,0,0,1.2,26,36,22,300,25.1
3/17/17,4.47,0.19,2.5,0,29,41,19,210,15
3/18/17,7.61,0.07,0,2,36,45,32,290,23.9
3/19/17,6.26,0,0,0,36,40,34,330,13
3/20/17,3.8,0,0,0,40,51,33,260,14.1
3/21/17,10.74,0,0,0,50,59,35,340,28
3/22/17,14.09,0,0,0,36,38,23,330,25.9
3/23/17,4.92,0,0,0,31,50,16,130,13
3/24/17,10.96,0.25,0,0,52,74,38,230,23.9
3/25/17,7.61,0,0,0,67,73,61,280,17
3/26/17,10.51,0.45,0,0,62,68,53,120,18.1
3/27/17,5.37,0.22,0,0,58,68,53,270,14.1
3/28/17,8.05,0.09,0,0,57,58,46,330,19.9
3/29/17,6.93,0,0,0,50,60,45,120,13
3/30/17,11.18,0.03,0,0,49,55,45,120,18.1
3/31/17,8.05,1.29,0,0,51,54,43,300,19.9
4/1/17,10.96,0,0,0,43,43,38,300,18.1
4/2/17,3.58,0,0,0,43,58,31,110,8.9
4/3/17,6.04,0.04,0,0,56,69,46,180,16.1
4/4/17,13.87,0.05,0,0,59,63,49,270,25.9
4/5/17,10.07,0,0,0,54,72,45,280,28
4/6/17,10.51,0.48,0,0,56,58,34,270,21.9
4/7/17,17.67,0.09,0,0,36,39,30,310,29.1
4/8/17,5.59,0,0,0,41,59,28,290,15
4/9/17,4.92,0,0,0,52,73,33,230,15
4/10/17,9.84,0,0,0,67,79,56,220,23.9
4/11/17,7.61,0.05,0,0,66,69,55,290,31.1
4/12/17,8.5,0,0,0,56,65,47,300,16.1
4/13/17,5.37,0,0,0,52,59,42,360,13
4/14/17,2.91,0,0,0,58,73,47,200,8.1
4/15/17,5.82,0,0,0,66,82,49,260,18.1
4/16/17,12.75,0.47,0,0,70,76,63,240,30
4/17/17,7.38,0.26,0,0,62,69,53,330,18.1
4/18/17,4.92,0,0,0,59,71,44,120,12.1
4/19/17,9.17,0.59,0,0,64,73,56,340,23.9
4/20/17,7.83,0.28,0,0,67,77,59,160,16.1
4/21/17,10.51,0,0,0,65,68,50,310,19.9
4/22/17,9.84,0.02,0,0,50,54,43,330,17
4/23/17,5.82,0,0,0,53,69,38,70,15
4/24/17,11.18,0,0,0,57,64,45,120,23
4/25/17,8.72,0.1,0,0,56,66,50,120,17
4/26/17,4.47,0,0,0,61,78,48,130,13
4/27/17,8.5,0.57,0,0,70,81,56,250,33.1
4/28/17,5.37,0.27,0,0,60,73,47,40,15
4/29/17,6.71,0.26,0,0,63,74,54,360,17
4/30/17,7.61,0.01,0,0,69,87,58,210,23
5/1/17,10.51,0.68,0,0,72,81,57,270,40
5/2/17,15.88,0.01,0,0,56,62,47,280,36
5/3/17,8.28,0,0,0,51,59,44,320,21
5/4/17,11.63,0.15,0,0,54,66,48,130,21.9
5/5/17,12.08,0.89,0,0,58,72,48,320,23.9
5/6/17,16.11,0.39,0,0,47,48,42,300,25.9
5/7/17,13.2,0,0,0,47,57,42,290,25.1
5/8/17,9.17,0,0,0,47,57,37,290,23
5/9/17,3.36,0,0,0,49,66,33,300,14.1
5/10/17,3.36,0,0,0,58,73,45,20,12.1
5/11/17,6.04,0.41,0,0,56,58,50,70,11
5/12/17,6.93,0,0,0,53,58,50,90,12.1
5/13/17,6.49,0.01,0,0,56,67,50,300,15
5/14/17,13.42,0,0,0,60,71,50,310,31.1
5/15/17,7.16,0,0,0,56,71,41,320,18.1
5/16/17,5.59,0,0,0,63,83,43,240,15
5/17/17,7.61,0,0,0,76,87,62,240,23
5/18/17,9.17,0.13,0,0,76,85,68,230,21.9
5/19/17,7.61,0,0,0,74,83,58,360,21
5/20/17,7.38,0,0,0,63,72,55,90,13
5/21/17,8.5,0.52,0,0,66,76,59,220,17
5/22/17,7.83,0.1,0,0,65,67,51,300,17
5/23/17,6.93,0,0,0,60,72,47,120,19.9
5/24/17,10.74,0.09,0,0,62,67,57,130,23
5/25/17,7.83,0.6,0,0,60,67,56,210,19.9
5/26/17,9.4,0.3,0,0,60,68,55,290,23.9
5/27/17,2.68,0.23,0,0,62,72,56,100,8.9
5/28/17,5.82,0.08,0,0,67,79,56,200,14.1
5/29/17,6.93,0.24,0,0,70,79,60,320,23
5/30/17,6.71,0.02,0,0,69,78,59,300,21.9
5/31/17,6.26,0.3,0,0,65,76,54,310,35.1
6/1/17,6.26,0,0,0,63,74,51,300,17
6/2/17,6.49,0,0,0,65,78,50,330,23
6/3/17,6.26,0,0,0,69,80,56,310,21
6/4/17,6.71,0.16,0,0,68,82,60,230,21
6/5/17,8.28,0.27,0,0,68,76,57,350,23
6/6/17,10.07,0,0,0,60,65,53,290,21
6/7/17,8.5,0,0,0,59,66,53,40,14.1
6/8/17,4.03,0,0,0,61,70,52,70,12.1
6/9/17,5.37,0,0,0,64,78,49,290,15
6/10/17,9.4,0,0,0,72,84,64,230,18.1
6/11/17,7.38,0,0,0,76,85,65,280,18.1
6/12/17,5.59,0,0,0,78,88,65,240,15
6/13/17,5.82,0,0,0,80,91,71,300,29.1
6/14/17,4.25,0.06,0,0,75,87,67,60,21
6/15/17,4.92,0.4,0,0,75,85,69,300,23.9
6/16/17,4.7,0.02,0,0,73,83,66,150,16.1
6/17/17,4.25,0,0,0,74,87,62,210,14.1
6/18/17,10.51,0.66,0,0,78,88,71,290,25.9
6/19/17,7.16,0.68,0,0,72,79,63,310,25.1
6/20/17,8.5,0,0,0,67,77,58,270,17
6/21/17,6.71,0.07,0,0,71,80,62,320,17
6/22/17,6.71,0,0,0,75,86,62,210,18.1
6/23/17,7.83,0.81,0,0,73,76,68,230,18.1
6/24/17,9.17,0.07,0,0,71,79,65,280,21
6/25/17,8.5,0,0,0,68,75,59,280,21
6/26/17,7.61,0,0,0,64,73,54,230,18.1
6/27/17,7.16,0,0,0,62,70,54,290,21
6/28/17,4.92,0,0,0,63,75,49,210,14.1
6/29/17,9.17,0.5,0,0,71,85,58,290,30
6/30/17,6.71,0.08,0,0,75,84,65,230,18.1
7/1/17,8.72,0.17,0,0,76,82,71,280,19.9
7/2/17,7.61,0,0,0,76,84,67,240,16.1
7/3/17,3.36,0.23,0,0,74,85,63,360,25.9
7/4/17,6.04,0,0,0,75,84,68,20,14.1
7/5/17,3.13,0,0,0,76,88,66,200,16.1
7/6/17,3.13,0.55,0,0,74,81,67,130,16.1
7/7/17,6.93,0.1,0,0,71,81,64,270,17
7/8/17,8.95,0.12,0,0,70,80,63,310,19.9
7/9/17,3.8,0,0,0,68,78,54,230,13
7/10/17,6.26,0.57,0,0,68,80,57,200,21.9
7/11/17,6.71,0.95,0,0,72,82,66,250,32
7/12/17,6.71,0.11,0,0,75,87,70,240,15
7/13/17,6.93,0.26,0,0,76,77,72,240,17
7/14/17,7.16,0.18,0,0,76,84,70,300,16.1
7/15/17,6.93,0,0,0,73,79,64,330,15
7/16/17,3.58,0,0,0,71,82,60,240,12.1
7/17/17,4.25,0,0,0,74,85,64,310,13
7/18/17,2.91,0,0,0,77,87,66,320,10.1
7/19/17,5.37,0,0,0,80,89,68,300,14.1
7/20/17,5.82,0.05,0,0,79,88,71,220,21
7/21/17,3.8,0,0,0,78,87,72,230,13
7/22/17,5.82,0.65,0,0,75,78,72,230,14.1
7/23/17,7.16,0.41,0,0,75,81,68,220,18.1
7/24/17,8.95,0.03,0,0,72,80,65,320,21
7/25/17,5.59,0,0,0,67,76,62,330,12.1
7/26/17,2.91,0,0,0,69,80,56,110,10.1
7/27/17,3.36,0.51,0,0,73,83,63,240,15
7/28/17,7.38,1.17,0,0,74,81,65,90,18.1
7/29/17,8.95,0.36,0,0,67,79,57,10,21
7/30/17,6.93,0,0,0,71,85,60,350,12.1
7/31/17,3.8,0,0,0,74,84,61,320,12.1
8/1/17,2.91,0,0,0,74,84,62,300,12.1
8/2/17,3.36,0,0,0,74,84,65,210,13
8/3/17,4.92,0,0,0,75,84,65,200,14.1
8/4/17,9.4,0.41,0,0,74,83,62,220,32
8/5/17,10.07,0,0,0,66,74,58,270,15
8/6/17,1.12,0,0,0,67,75,60,210,6.9
8/7/17,1.57,0.15,0,0,67,72,62,40,8.1
8/8/17,7.16,0,0,0,68,76,58,350,18.1
8/9/17,2.01,0,0,0,67,81,54,210,8.1
8/10/17,4.92,0,0,0,69,78,59,170,14.1
8/11/17,4.47,0.16,0,0,71,81,65,320,15
8/12/17,6.26,0,0,0,69,79,62,300,19.9
8/13/17,3.13,0,0,0,68,79,58,50,10.1
8/14/17,1.34,0,0,0,69,80,61,210,8.9
8/15/17,4.25,0,0,0,74,85,64,20,14.1
8/16/17,4.25,0,0,0,76,85,68,340,12.1
8/17/17,5.37,0.21,0,0,75,88,65,190,17
8/18/17,7.16,0.34,0,0,76,84,69,270,19.9
8/19/17,4.92,0.66,0,0,72,85,63,330,31.1
8/20/17,2.68,0,0,0,69,83,58,150,8.9
8/21/17,5.14,0,0,0,76,86,65,240,15
8/22/17,8.5,0.61,0,0,76,85,67,210,23
8/23/17,5.59,0,0,0,70,76,63,280,16.1
8/24/17,4.92,0.09,0,0,66,76,55,20,17
8/25/17,5.14,0,0,0,61,73,51,310,14.1
8/26/17,4.25,0,0,0,64,75,51,60,8.9
8/27/17,6.49,0,0,0,67,78,57,110,14.1
8/28/17,10.74,0,0,0,68,76,62,130,19.9
8/29/17,7.16,0,0,0,67,75,61,140,14.1
8/30/17,2.68,0,0,0,66,78,56,240,8.1
8/31/17,7.61,0,0,0,69,77,57,10,18.1
9/1/17,9.17,0,0,0,58,63,52,60,16.1
9/2/17,9.4,0.08,0,0,58,67,53,130,17
9/3/17,7.83,0.01,0,0,62,73,58,270,18.1
9/4/17,10.29,0,0,0,68,81,56,210,21
9/5/17,7.61,0.23,0,0,71,75,60,290,25.1
9/6/17,4.7,0,0,0,63,69,52,300,23
9/7/17,6.04,0.13,0,0,56,65,48,280,18.1
9/8/17,6.93,0,0,0,58,69,50,330,19.9
9/9/17,6.04,0,0,0,57,68,47,360,14.1
9/10/17,5.37,0,0,0,57,69,46,50,15
9/11/17,5.59,0,0,0,60,72,48,90,13
9/12/17,6.04,0,0,0,62,72,55,120,15
9/13/17,5.82,0.01,0,0,69,80,58,330,15
9/14/17,4.47,0.09,0,0,65,70,59,230,10.1
9/15/17,1.34,0,0,0,65,75,57,300,8.1
9/16/17,1.57,0,0,0,68,81,58,70,8.1
9/17/17,1.57,0,0,0,70,81,60,80,10.1
9/18/17,1.57,0,0,0,71,83,59,280,8.9
9/19/17,2.91,0,0,0,72,84,62,110,10.1
9/20/17,1.34,0,0,0,72,84,63,350,12.1
9/21/17,1.79,0,0,0,73,86,62,110,8.1
9/22/17,2.46,0,0,0,73,88,59,360,10.1
9/23/17,2.24,0,0,0,73,89,58,20,14.1
9/24/17,2.91,0,0,0,75,90,60,100,14.1
9/25/17,2.01,0,0,0,76,89,64,210,10.1
9/26/17,1.12,0,0,0,76,89,65,130,8.9
9/27/17,6.49,0,0,0,76,91,64,320,21
9/28/17,9.84,0,0,0,67,72,52,330,17
9/29/17,5.82,0.03,0,0,58,71,46,340,29.1
9/30/17,7.61,0,0,0,55,64,45,340,17
10/1/17,3.13,0,0,0,53,69,38,120,10.1
10/2/17,2.01,0,0,0,57,76,41,120,8.9
10/3/17,2.68,0,0,0,62,79,45,160,12.1
10/4/17,4.7,0,0,0,65,81,49,210,14.1
10/5/17,4.47,0.29,0,0,68,71,64,260,10.1
10/6/17,4.25,0,0,0,67,71,63,230,12.1
10/7/17,7.83,0,0,0,71,82,63,210,19.9
10/8/17,7.16,0.69,0,0,70,73,66,210,19.9
10/9/17,7.61,0.28,0,0,71,77,68,280,18.1
10/10/17,2.91,0,0,0,71,80,64,30,12.1
10/11/17,5.59,1.08,0,0,69,77,62,300,25.1
10/12/17,6.71,0,0,0,65,68,60,100,17
10/13/17,7.38,0,0,0,64,74,58,150,15
10/14/17,3.13,0,0,0,64,78,51,200,8.9
10/15/17,11.86,0.19,0,0,69,75,54,310,29.1
10/16/17,9.84,0,0,0,54,59,39,330,21
10/17/17,4.47,0,0,0,48,63,35,200,15
10/18/17,2.24,0,0,0,54,70,39,180,8.9
10/19/17,5.82,0,0,0,56,70,42,230,19.9
10/20/17,1.79,0,0,0,60,73,46,20,6
10/21/17,2.01,0,0,0,57,75,43,160,8.9
10/22/17,4.25,0,0,0,62,77,48,150,13
10/23/17,10.74,0.96,0,0,62,67,55,230,25.9
10/24/17,9.84,0.03,0,0,55,59,45,210,23
10/25/17,6.93,0.01,0,0,44,45,39,210,14.1
10/26/17,4.03,0,0,0,42,53,36,230,12.1
10/27/17,7.38,0,0,0,51,71,38,210,19.9
10/28/17,6.71,0.38,0,0,52,57,38,300,21.9
10/29/17,11.41,0.2,0,0,39,43,36,300,23
10/30/17,13.42,0,0,0,42,46,38,280,23.9
10/31/17,8.5,0,0,0,40,45,31,250,19.9
11/1/17,3.58,0.45,0,0,38,48,30,350,8.9
11/2/17,6.26,0.06,0,0,55,68,48,210,16.1
11/3/17,9.17,0.03,0,0,59,64,42,340,23
11/4/17,6.93,0,0,0,47,61,36,130,13
11/5/17,6.93,0.82,0,0,58,70,52,320,16.1
11/6/17,9.84,0.72,0,0,56,60,37,340,21.9
11/7/17,6.04,0.01,0,0,39,39,35,40,14.1
11/8/17,4.47,0,0,0,40,50,31,90,13
11/9/17,6.49,0,0,0,39,53,26,310,25.9
11/10/17,13.42,0,0,0,34,41,20,330,23.9
11/11/17,4.92,0,0,0,25,37,17,90,15
11/12/17,2.01,0,0,0,34,46,26,50,8.9
11/13/17,6.26,0.03,0,0,40,45,37,330,16.1
11/14/17,2.68,0,0,0,40,44,30,200,6.9
11/15/17,5.37,0.03,0,0,37,47,27,210,15
11/16/17,11.41,0,0,0,43,48,38,290,25.9
11/17/17,5.14,0,0,0,38,43,31,330,15
11/18/17,7.83,1.69,0,0,40,61,32,300,36.9
11/19/17,16.78,0.04,0,0,42,47,32,300,38
11/20/17,10.07,0,0,0,34,43,28,280,21.9
11/21/17,9.62,0,0,0,43,56,31,210,25.9
11/22/17,9.62,0.12,0,0,39,47,28,320,21
11/23/17,3.13,0,0,0,31,40,21,200,10.1
11/24/17,5.82,0,0,0,38,53,26,210,15
11/25/17,11.41,0,0,0,48,56,43,290,21
11/26/17,9.62,0,0,0,41,44,34,350,21
11/27/17,4.7,0,0,0,41,52,34,230,12.1
11/28/17,5.59,0,0,0,47,64,35,180,18.1
11/29/17,7.61,0,0,0,53,55,37,290,17
11/30/17,7.38,0.15,0,0,44,62,32,210,21.9
12/1/17,2.24,0,0,0,40,48,30,320,8.1
12/2/17,1.34,0,0,0,35,46,25,130,10.1
12/3/17,1.79,0,0,0,40,55,31,290,13
12/4/17,5.82,0,0,0,42,59,30,150,14.1
12/5/17,11.63,0.37,0,0,52,56,33,240,21
12/6/17,12.3,0,0,0,37,44,31,290,23
12/7/17,11.41,0,0,0,36,37,27,280,21.9
12/8/17,7.83,0,0,0,27,30,22,200,15
12/9/17,5.59,0.01,0.2,0,28,37,21,270,14.1
12/10/17,10.07,0.01,0.1,0,31,33,29,220,19.9
12/11/17,4.92,0,0,0,34,39,32,280,14.1
12/12/17,13.87,0.12,2.6,0,33,43,16,310,28
12/13/17,9.62,0.08,1.7,1.2,19,26,15,270,17
12/14/17,8.5,0.09,2.1,3.9,26,33,16,320,29.1
12/15/17,6.93,0,0,3.1,21,29,14,270,21.9
12/16/17,8.5,0.01,0.2,2,33,44,29,240,17
12/17/17,4.03,0.07,0,1.2,38,42,33,240,8.9
12/18/17,7.38,0,0,0,40,45,36,200,15
12/19/17,12.3,0.01,0,0,47,55,44,230,21.9
12/20/17,8.5,0,0,0,42,45,30,280,21.9
12/21/17,4.92,0,0,0,34,42,27,130,12.1
12/22/17,6.71,0.02,0,0,47,57,40,220,18.1
12/23/17,9.17,0.47,0.1,0,48,55,33,340,23.9
12/24/17,5.82,0.06,0.4,0,33,37,29,250,21
12/25/17,14.54,0.2,1.4,2,25,32,18,280,32
12/26/17,9.17,0,0,1.2,17,19,14,290,16.1
12/27/17,8.05,0,0,1.2,13,15,4,300,16.1
12/28/17,2.24,0,0,1.2,7,15,1,270,8.9
12/29/17,5.59,0.02,0.3,1.2,13,19,11,280,16.1
12/30/17,9.62,0.17,3.9,2,17,18,7,300,21.9
12/31/17,3.8,0.06,0.3,3.9,7,14,0,290,8.9
1/1/18,9.62,0,0,3.1,6,12,-3,300,25.1
1/2/18,8.5,0,0,2,8,14,5,240,18.1
1/3/18,5.82,0,0,2,10,24,-4,300,15
1/4/18,15.66,0,0.9,2,15,18,4,300,30
1/5/18,15.43,0,0,2,4,9,-1,300,28
1/6/18,9.4,0,0.1,2,4,11,-3,300,23
1/7/18,5.14,0,0,2,6,30,-6,170,13
1/8/18,9.84,0.24,2,2,31,34,28,210,19.9
1/9/18,5.59,0,0,3.1,33,36,26,280,15
1/10/18,3.8,0,0,3.1,31,47,21,150,10.1
1/11/18,5.82,0.75,0,0,49,62,42,160,15
1/12/18,12.08,1.99,1.3,0,49,59,21,320,29.1
1/13/18,14.76,0.3,5,5.9,17,21,6,330,30
1/14/18,2.46,0,0,5.1,7,16,-4,100,8.1
1/15/18,5.59,0.06,1,3.9,14,25,5,170,13
1/16/18,6.26,0.07,2.9,7.1,24,27,6,290,15
1/17/18,6.71,0.01,0.1,7.1,8,15,-1,280,13
1/18/18,11.18,0,0,5.9,14,27,7,240,18.1
1/19/18,10.51,0,0,5.1,27,39,22,210,18.1
1/20/18,10.51,0,0,5.1,39,46,35,230,19.9
1/21/18,4.92,0.02,0,1.2,43,51,40,220,13
1/22/18,5.37,0.05,0,0,50,63,44,160,14.1
1/23/18,11.86,0.15,0,0,48,55,35,260,25.1
1/24/18,11.63,0.04,0.6,0,32,35,26,290,23
1/25/18,4.7,0,0,0,27,30,24,320,10.1
1/26/18,6.49,0,0,0,34,54,23,220,16.1
1/27/18,7.38,0.44,0,0,44,52,39,210,18.1
1/28/18,3.13,0,0,0,43,48,28,100,8.1
1/29/18,4.92,0.11,1.8,0,34,45,25,300,23
1/30/18,13.87,0.05,1.5,2,23,27,10,320,27.1
1/31/18,6.71,0,0,1.2,21,44,8,190,16.1
2/1/18,11.41,0.19,0.9,0,43,45,26,320,23
2/2/18,14.32,0.04,0.9,2,20,26,11,290,25.9
2/3/18,8.05,0,0,1.2,18,34,10,210,15
2/4/18,8.72,0.11,1,1.2,34,38,26,330,30
2/5/18,10.51,0.01,0.5,1.2,23,26,14,320,29.1
2/6/18,4.03,0,0.2,1.2,24,28,22,280,12.1
2/7/18,9.4,0.59,2.6,3.9,27,31,19,300,19.9
2/8/18,7.16,0.01,0.3,3.1,21,25,15,230,16.1
2/9/18,4.03,0,0,3.1,24,40,15,150,10.1
2/10/18,2.46,0.12,0,1.2,39,49,33,340,10.1
2/11/18,6.93,0.27,0,1.2,40,56,32,320,25.1
2/12/18,8.5,0.13,1.3,1.2,32,35,22,300,16.1
2/13/18,5.14,0,0,0,27,41,17,120,12.1
2/14/18,4.92,0.38,0,0,44,51,39,240,14.1
2/15/18,9.17,1.79,0,0,55,62,49,240,21
2/16/18,10.74,0.78,0,0,47,61,29,310,25.1
2/17/18,5.14,0.19,2,0,30,33,26,130,12.1
2/18/18,6.04,0,0,1.2,35,39,33,270,15
2/19/18,6.26,0.38,0,0,44,64,34,210,15
2/20/18,10.51,0,0,0,67,78,59,210,23.9
2/21/18,10.51,0.01,0,0,63,73,42,340,21.9
2/22/18,9.62,0.96,0,0,42,43,38,90,21
2/23/18,7.38,0.32,0,0,47,64,41,240,21
2/24/18,8.28,0.4,0,0,51,59,46,10,15
2/25/18,10.07,0.36,0,0,53,60,43,280,21.9
2/26/18,7.61,0,0,0,44,52,34,320,16.1
2/27/18,2.91,0,0,0,42,56,28,200,15
2/28/18,7.61,0,0,0,50,64,38,230,23.9
3/1/18,9.4,0.49,0,0,50,56,34,300,33.1
3/2/18,23.71,0,0,0,37,40,29,310,38.9
3/3/18,12.08,0,0,0,32,42,25,330,23.9
3/4/18,11.18,0,0,0,32,43,23,330,25.1
3/5/18,4.7,0,0,0,31,42,21,10,13
3/6/18,7.61,0.02,0,0,36,50,29,160,16.1
3/7/18,8.05,0.13,0.4,0,37,41,28,280,28
3/8/18,10.51,0.04,0.5,0,28,33,24,280,21
3/9/18,10.51,0.02,0.3,1.2,27,31,22,240,17
3/10/18,4.92,0,0,0,28,40,17,350,15
3/11/18,5.82,0,0,0,30,41,18,360,17
3/12/18,9.17,0.01,0.1,0,32,43,26,320,21.9
3/13/18,11.86,0.02,0.3,0,29,35,26,290,30
3/14/18,15.21,0,0,0,27,30,22,300,25.9
3/15/18,14.32,0,0,0,33,44,28,320,28
3/16/18,12.3,0.01,0.2,0,30,37,22,330,25.1
3/17/18,2.91,0,0,0,28,38,19,360,8.9
3/18/18,4.7,0,0,0,35,54,20,300,15
3/19/18,5.82,0,0,0,41,55,27,20,14.1
3/20/18,12.75,0.18,1.8,0,37,41,28,70,19.9
3/21/18,9.62,0.57,8.7,3.9,29,33,25,330,18.1
3/22/18,11.18,0,0,5.9,29,38,20,290,21.9
3/23/18,8.72,0,0,3.1,30,38,20,310,19.9
3/24/18,6.93,0,0,1.2,31,42,22,20,21
3/25/18,12.3,0,0,0,32,41,22,90,21.9
3/26/18,13.2,0,0,0,39,50,29,120,23.9
3/27/18,8.5,0.67,0,0,42,51,36,150,16.1
3/28/18,2.68,0.24,0,0,52,56,50,360,8.1
3/29/18,6.04,0.46,0,0,56,62,44,320,23
3/30/18,10.96,0.1,0,0,42,44,30,330,21.9
3/31/18,8.5,0,0,0,39,56,27,200,19.9
4/1/18,9.84,0.16,1.2,0,45,51,33,340,25.9
4/2/18,3.58,0.17,2.8,3.9,37,42,32,10,8.9
4/3/18,6.49,1.2,0,0,44,59,35,200,23
4/4/18,20.36,0.06,0,0,47,60,30,270,33.1
4/5/18,10.74,0,0,0,33,45,28,290,23
4/6/18,12.08,0.21,0.8,0,45,57,31,300,28
4/7/18,7.83,0.1,1.3,1.2,32,38,27,330,23.9
4/8/18,8.5,0,0,0,32,39,26,310,18.1
4/9/18,5.59,0.07,0.2,0,32,36,27,110,12.1
4/10/18,3.13,0,0,0,34,44,24,280,14.1
4/11/18,8.05,0,0,0,41,56,33,240,21
4/12/18,12.3,0.01,0,0,59,77,47,210,30
4/13/18,11.63,0,0,0,72,83,65,240,23
4/14/18,7.83,0,0,0,72,81,55,290,18.1
4/15/18,10.51,1.08,0,0,61,75,47,120,25.1
4/16/18,13.42,0.41,0.1,0,44,47,33,280,25.9
4/17/18,11.63,0.1,0,0,33,37,30,300,25.9
4/18/18,4.92,0.23,0,0,38,54,29,270,12.1
4/19/18,14.32,0.13,0.9,0,41,45,32,300,25.1
4/20/18,10.51,0,0,0,40,53,27,320,21
4/21/18,2.91,0,0,0,43,57,28,30,8.9
4/22/18,7.38,0,0,0,54,68,45,80,14.1
4/23/18,11.41,0,0,0,60,72,49,130,21.9
4/24/18,8.72,0.47,0,0,54,58,49,110,15
4/25/18,8.5,0,0,0,53,58,42,320,25.1
4/26/18,4.92,0,0,0,48,62,37,330,15
4/27/18,6.04,0.02,0,0,56,67,42,300,38.9
4/28/18,10.29,0.01,0,0,50,56,35,320,23
4/29/18,12.53,0,0,0,40,52,31,300,23.9
4/30/18,8.95,0,0,0,49,68,33,300,23
5/1/18,6.71,0,0,0,62,79,43,230,17
5/2/18,9.4,0,0,0,71,84,52,210,23.9
5/3/18,9.62,0.12,0,0,76,84,65,300,28
5/4/18,12.3,0.11,0,0,70,80,60,290,35.1
5/5/18,5.14,0,0,0,62,71,49,160,13
5/6/18,5.82,0,0,0,59,66,55,10,14.1
5/7/18,3.8,0,0,0,62,73,54,350,15
5/8/18,2.91,0,0,0,64,78,49,260,8.1
5/9/18,7.38,0,0,0,69,82,55,220,15
5/10/18,11.18,0.25,0,0,72,79,60,290,38.9
5/11/18,6.93,0,0,0,61,65,54,350,16.1
5/12/18,7.61,0.37,0,0,64,82,51,350,28
5/13/18,5.59,0.11,0,0,62,75,56,350,23
5/14/18,3.58,0.05,0,0,67,78,62,330,23.9
5/15/18,8.5,0,0,0,70,82,60,320,31.1
5/16/18,4.7,0,0,0,70,76,62,30,12.1
5/17/18,5.82,0.22,0,0,69,80,64,120,13
5/18/18,12.3,0,0,0,69,74,63,110,23.9
5/19/18,9.4,0.64,0,0,66,78,58,210,25.1
5/20/18,8.5,0.03,0,0,70,74,62,330,16.1
5/21/18,4.47,0,0,0,68,82,58,230,8.9
5/22/18,6.49,0.35,0,0,71,78,63,230,19.9
5/23/18,6.93,0,0,0,64,74,57,320,15
5/24/18,2.01,0,0,0,68,83,51,160,8.9
5/25/18,3.58,0,0,0,71,85,55,250,15
5/26/18,3.8,0.51,0,0,75,84,65,320,18.1
5/27/18,4.47,0.01,0,0,72,84,66,350,8.9
5/28/18,2.01,0,0,0,76,87,65,200,8.1
5/29/18,4.7,0,0,0,79,91,68,200,14.1
5/30/18,9.62,0.02,0,0,78,84,71,150,19.9
5/31/18,6.93,0.04,0,0,76,82,71,200,14.1
6/1/18,5.82,0,0,0,73,79,66,360,13
6/2/18,8.95,0,0,0,72,79,68,330,19.9
6/3/18,4.7,0.35,0,0,71,82,63,360,25.9
6/4/18,9.4,0,0,0,66,72,56,300,23
6/5/18,9.84,0.39,0,0,63,72,50,290,25.1
6/6/18,5.82,0,0,0,55,63,45,310,10.1
6/7/18,2.91,0,0,0,61,75,49,190,10.1
6/8/18,3.36,0,0,0,70,82,60,210,10.1
6/9/18,3.36,0,0,0,72,82,64,300,17
6/10/18,6.26,2.03,0,0,70,80,62,290,23.9
6/11/18,8.05,0.1,0,0,64,71,58,90,14.1
6/12/18,7.83,0,0,0,67,79,57,160,15
6/13/18,8.72,0.23,0,0,73,81,67,240,17
6/14/18,8.5,0,0,0,71,81,56,300,21.9
6/15/18,3.36,0,0,0,69,81,55,330,17
6/16/18,3.13,0.02,0,0,69,84,55,210,13
6/17/18,2.68,0,0,0,78,90,68,320,10.1
6/18/18,8.28,0,0,0,82,91,72,230,17
6/19/18,7.16,0,0,0,79,82,70,310,16.1
6/20/18,4.47,1.34,0,0,74,84,68,240,16.1
6/21/18,5.82,0.01,0,0,71,78,66,330,12.1
6/22/18,11.86,0.26,0,0,69,75,63,90,21.9
6/23/18,7.38,0.66,0,0,69,78,64,310,19.9
6/24/18,10.29,0.09,0,0,72,81,64,350,25.9
6/25/18,5.82,0,0,0,70,79,63,10,13
6/26/18,8.5,0,0,0,69,79,59,120,17
6/27/18,7.61,0.62,0,0,71,78,66,210,16.1
6/28/18,7.61,0,0,0,72,82,67,310,16.1
6/29/18,2.24,0,0,0,75,88,62,260,8.1
6/30/18,2.24,0,0,0,79,89,66,240,10.1
7/1/18,4.25,0,0,0,80,92,68,160,12.1
7/2/18,5.37,1.36,0,0,81,90,71,300,35.1
7/3/18,3.36,0,0,0,78,89,69,130,13
7/4/18,3.13,0,0,0,82,93,71,270,13
7/5/18,5.14,0.31,0,0,78,85,70,200,16.1
7/6/18,10.51,0.02,0,0,72,80,64,340,19.9
7/7/18,6.93,0,0,0,68,78,57,90,18.1
7/8/18,3.58,0,0,0,69,83,55,120,10.1
7/9/18,3.58,0,0,0,72,84,58,270,13
7/10/18,6.49,0.02,0,0,77,87,67,360,16.1
7/11/18,8.5,0,0,0,74,82,62,10,15
7/12/18,5.14,0,0,0,71,82,59,100,12.1
7/13/18,3.8,0,0,0,74,86,60,220,12.1
7/14/18,4.47,0,0,0,78,88,66,250,12.1
7/15/18,4.25,0.32,0,0,80,90,71,130,19.9
7/16/18,4.92,0,0,0,76,89,68,220,17
7/17/18,10.29,0,0,0,78,85,65,340,23.9
7/18/18,7.16,0,0,0,70,80,58,330,14.1
7/19/18,3.8,0,0,0,71,82,58,190,13
7/20/18,8.72,0.14,0,0,74,83,66,210,19.9
7/21/18,9.4,0,0,0,71,78,64,130,21.9
7/22/18,5.37,0.05,0,0,69,79,60,150,16.1
7/23/18,5.82,0,0,0,71,81,64,110,15
7/24/18,6.93,0.84,0,0,76,84,69,310,18.1
7/25/18,3.13,0.2,0,0,73,80,67,10,14.1
7/26/18,6.49,0,0,0,72,83,60,220,16.1
7/27/18,6.26,0.41,0,0,72,79,64,350,23
7/28/18,5.14,0,0,0,69,77,60,290,15
7/29/18,2.01,0,0,0,69,79,58,210,8.9
7/30/18,4.92,0,0,0,70,75,64,130,10.1
7/31/18,5.82,0.29,0,0,70,78,64,100,16.1
8/1/18,5.82,0.08,0,0,70,78,65,240,14.1
8/2/18,2.91,0,0,0,70,77,65,160,10.1
8/3/18,2.24,0.07,0,0,71,77,67,190,8.9
8/4/18,4.7,0,0,0,74,85,64,240,13
8/5/18,3.36,0.02,0,0,75,84,66,340,17
8/6/18,4.92,0,0,0,78,88,68,210,14.1
8/7/18,4.7,1.05,0,0,77,84,69,210,21.9
8/8/18,6.49,0,0,0,73,79,68,220,13
8/9/18,6.26,0,0,0,73,82,67,350,14.1
8/10/18,3.8,0.55,0,0,71,80,65,210,14.1
8/11/18,6.04,0,0,0,71,80,65,330,13
8/12/18,4.92,0,0,0,71,82,61,340,13
8/13/18,4.25,0,0,0,70,81,61,40,18.1
8/14/18,2.91,0.5,0,0,66,77,62,310,19.9
8/15/18,4.03,0,0,0,72,83,64,250,10.1
8/16/18,4.7,0.58,0,0,73,77,67,290,30
8/17/18,6.26,0.45,0,0,71,75,66,210,15
8/18/18,8.05,0.01,0,0,72,82,66,10,16.1
8/19/18,4.7,0,0,0,69,77,60,50,10.1
8/20/18,6.49,0.11,0,0,70,82,62,120,14.1
8/21/18,8.05,0.82,0,0,73,79,68,270,16.1
8/22/18,11.41,0,0,0,69,74,56,310,23.9
8/23/18,4.03,0,0,0,63,75,52,290,13
8/24/18,4.03,0,0,0,65,77,52,200,14.1
8/25/18,6.71,0,0,0,68,76,62,200,16.1
8/26/18,6.71,0,0,0,72,81,66,240,16.1
8/27/18,6.26,0,0,0,78,91,68,280,14.1
8/28/18,6.71,0,0,0,83,92,73,210,17
8/29/18,7.61,0.29,0,0,83,92,72,320,25.1
8/30/18,4.47,0,0,0,75,85,71,360,13
8/31/18,2.68,0,0,0,76,86,67,300,10.1
9/1/18,4.7,0,0,0,78,88,70,210,12.1
9/2/18,4.92,0,0,0,80,90,72,210,14.1
9/3/18,2.91,0,0,0,82,93,71,360,13
9/4/18,1.79,0,0,0,82,95,69,170,8.1
9/5/18,4.03,0,0,0,83,94,72,220,13
9/6/18,4.7,0,0,0,80,87,73,320,23
9/7/18,6.49,0.02,0,0,78,87,71,20,14.1
9/8/18,10.29,1.02,0,0,68,72,56,100,21
9/9/18,14.54,3.73,0,0,58,60,56,90,21.9
9/10/18,9.17,0.86,0,0,64,74,60,120,19.9
9/11/18,3.13,0.01,0,0,65,69,59,350,10.1
9/12/18,3.8,0,0,0,65,75,59,110,8.9
9/13/18,5.14,0,0,0,73,83,65,90,12.1
9/14/18,6.04,0,0,0,74,82,67,110,13
9/15/18,5.59,0,0,0,74,81,66,120,12.1
9/16/18,6.71,0,0,0,72,82,64,120,14.1
9/17/18,6.93,0.89,0,0,69,70,67,70,17
9/18/18,5.59,0.02,0,0,71,82,65,290,14.1
9/19/18,3.58,0.05,0,0,71,81,62,360,13
9/20/18,3.8,0,0,0,70,84,58,150,8.9
9/21/18,11.18,0.51,0,0,76,86,68,300,33.1
9/22/18,6.71,0,0,0,62,68,55,20,17
9/23/18,5.82,0,0,0,58,67,52,90,12.1
9/24/18,11.41,0.36,0,0,61,68,56,140,21.9
9/25/18,7.38,0.81,0,0,64,71,60,210,14.1
9/26/18,9.4,0.14,0,0,69,74,52,320,21
9/27/18,4.92,0.08,0,0,57,63,51,140,16.1
9/28/18,4.7,0,0,0,60,70,54,210,14.1
9/29/18,3.58,0,0,0,57,65,49,340,12.1
9/30/18,2.68,0,0,0,58,75,47,180,12.1
10/1/18,3.8,0,0,0,66,78,56,230,13
10/2/18,7.83,0.66,0,0,70,76,64,220,17
10/3/18,4.47,0,0,0,67,75,60,350,12.1
10/4/18,10.07,0.56,0,0,70,77,53,360,25.9
10/5/18,4.03,0,0,0,57,67,50,360,13
10/6/18,5.14,0.11,0,0,70,81,65,330,15
10/7/18,2.91,0,0,0,72,83,64,330,13
10/8/18,4.7,0,0,0,74,85,64,150,14.1
10/9/18,6.04,0,0,0,74,83,65,150,15
10/10/18,6.71,0.02,0,0,72,81,65,200,15
10/11/18,9.17,0.04,0,0,68,71,51,310,23
10/12/18,9.4,0.12,0,0,49,52,44,300,19.9
10/13/18,7.38,0.11,0,0,44,47,39,290,17
10/14/18,4.47,0.01,0,0,45,56,39,160,10.1
10/15/18,10.74,0.17,0,0,56,64,44,310,21
10/16/18,6.49,0,0,0,44,52,34,220,12.1
10/17/18,13.2,0,0,0,46,56,40,280,25.9
10/18/18,5.82,0,0,0,43,50,33,280,14.1
10/19/18,5.37,0.1,0,0,43,58,31,260,15
10/20/18,12.3,0.11,0,0,50,58,38,300,36.9
10/21/18,10.96,0,0,0,39,41,30,310,28
10/22/18,6.04,0,0,0,39,55,30,210,18.1
10/23/18,10.96,0,0,0,49,57,38,300,25.1
10/24/18,7.16,0,0,0,42,48,32,350,17
10/25/18,1.79,0,0,0,37,46,29,340,10.1
10/26/18,10.07,0.33,0,0,42,50,37,100,18.1
10/27/18,6.93,0.67,0,0,43,46,41,90,16.1
10/28/18,9.4,0.37,0,0,44,50,40,240,23
10/29/18,10.96,0.07,0,0,44,47,41,280,21
10/30/18,4.03,0,0,0,45,56,35,230,8.9
10/31/18,7.83,0.14,0,0,56,67,47,230,23.9
11/1/18,5.37,0.11,0,0,55,66,50,210,14.1
11/2/18,10.07,0.12,0,0,54,66,42,220,21.9
11/3/18,7.61,0.11,0,0,43,48,33,300,21
11/4/18,7.38,0,0,0,41,57,31,120,19.9
11/5/18,6.49,0.13,0,0,52,61,46,130,15
11/6/18,11.18,0.56,0,0,54,65,46,230,28
11/7/18,8.95,0,0,0,47,52,35,250,19.9
11/8/18,4.25,0,0,0,38,45,28,70,10.1
11/9/18,9.4,0.72,0,0,39,45,35,280,18.1
11/10/18,13.65,0.01,0,0,31,35,24,290,28
11/11/18,2.91,0,0,0,30,41,21,210,8.9
11/12/18,2.01,0.04,0,0,32,42,24,210,13
11/13/18,9.62,0.1,0,0,36,38,31,330,19.9
11/14/18,7.16,0,0,0,29,31,26,310,17
11/15/18,6.93,0.97,1,0,30,33,29,100,15
11/16/18,9.62,0.05,0.2,1.2,31,33,31,230,21
11/17/18,5.37,0,0,1.2,35,39,32,240,13
11/18/18,4.7,0.1,0,0,38,47,34,360,10.1
11/19/18,4.03,0.45,0,0,37,38,36,300,14.1
11/20/18,8.05,0,0,0,35,36,31,270,18.1
11/21/18,11.63,0,0,0,32,33,26,240,21
11/22/18,6.26,0,0,0,24,26,21,90,14.1
11/23/18,7.83,0,0,0,31,46,23,150,13
11/24/18,6.71,0.61,0,0,38,47,32,140,15
11/25/18,6.04,0,0,0,47,52,43,270,13
11/26/18,11.41,0.35,0.5,0,43,49,30,230,23.9
11/27/18,13.42,0.09,1.1,1.2,29,30,25,280,21.9
11/28/18,13.42,0.04,0.8,1.2,25,26,23,280,23
11/29/18,5.82,0.01,0,1.2,25,31,22,270,13
11/30/18,4.25,0,0,0,34,42,30,310,13
12/1/18,9.17,0.49,0,0,38,44,35,130,16.1
12/2/18,10.29,0.04,0,0,50,63,44,300,28
12/3/18,11.86,0.08,0,0,44,49,33,270,18.1
12/4/18,7.61,0.02,0.2,0,32,33,30,340,16.1
12/5/18,6.71,0.03,0.6,0,29,31,28,290,19.9
12/6/18,11.41,0.09,1.2,0,30,36,26,310,21.9
12/7/18,5.14,0,0,1.2,27,31,18,300,16.1
12/8/18,4.25,0,0,0,23,26,18,290,14.1
12/9/18,4.25,0,0,0,23,32,19,360,8.1
12/10/18,3.58,0,0,0,23,26,17,210,10.1
12/11/18,8.5,0,0,0,26,34,22,230,16.1
12/12/18,4.92,0,0,0,32,41,25,150,14.1
12/13/18,3.36,0,0,0,40,47,30,200,13
12/14/18,3.13,0,0,0,39,51,32,150,8.1
12/15/18,10.07,1.07,0,0,46,47,41,60,19.9
12/16/18,7.83,0.52,0,0,40,41,38,60,14.1
12/17/18,12.08,0,0,0,38,40,32,310,19.9
12/18/18,6.71,0,0,0,33,37,24,350,18.1
12/19/18,2.01,0,0,0,30,46,20,160,8.9
12/20/18,4.92,1.08,0,0,35,49,25,90,16.1
12/21/18,10.51,0.48,0,0,43,49,35,320,21.9
12/22/18,11.18,0.04,0,0,34,35,32,300,23
12/23/18,6.04,0.02,0,0,35,43,29,300,18.1
12/24/18,10.51,0,0,0,33,34,28,280,21.9
12/25/18,1.12,0,0,0,27,34,21,230,8.1
12/26/18,2.68,0,0,0,34,46,27,290,10.1
12/27/18,6.93,0.23,0,0,36,49,27,130,16.1
12/28/18,9.17,0.1,0,0,50,58,44,270,25.9
12/29/18,10.29,0,0,0,38,44,30,280,19.9
12/30/18,5.82,0,0,0,33,40,30,230,15
12/31/18,6.04,0.75,0,0,35,61,29,240,29.1
1/1/19,12.97,0,0,0,48,61,35,270,36
1/2/19,3.36,0,0,0,36,40,34,250,15
1/3/19,8.5,0,0,0,35,40,31,290,25.1
1/4/19,2.91,0.11,0,0,33,41,27,30,8.1
1/5/19,9.84,0.25,0,0,40,48,34,280,18.1
1/6/19,9.4,0,0,0,40,43,29,300,18.1
1/7/19,9.4,0,0,0,34,50,27,150,18.1
1/8/19,13.65,0.07,0,0,51,59,39,300,40
1/9/19,16.78,0.06,1,0,34,39,22,290,30
1/10/19,15.21,0.01,0.4,0,22,24,20,310,21.9
1/11/19,6.49,0,0,0,23,29,19,310,15
1/12/19,4.92,0.17,2,0,24,29,21,80,8.9
1/13/19,8.95,0.04,1.3,3.1,26,29,25,50,15
1/14/19,5.14,0,0,3.1,26,34,18,300,12.1
1/15/19,9.17,0,0,3.1,26,30,21,260,16.1
1/16/19,9.17,0.01,0,1.2,28,31,26,290,17
1/17/19,5.37,0.05,0.9,1.2,27,31,24,140,8.9
1/18/19,5.59,0.01,0.1,2,32,34,30,280,14.1
1/19/19,7.61,0.74,0,2,31,35,28,90,14.1
1/20/19,19.91,0.55,3.4,2,23,34,6,320,30
1/21/19,9.4,0,0,2,6,13,-1,300,19.9
1/22/19,5.37,0,0,2,11,33,-3,100,13
1/23/19,5.14,0.46,0,2,39,45,33,180,10.1
1/24/19,13.65,0.3,0.7,0,35,47,24,290,21.9
1/25/19,10.07,0,0,1.2,22,25,10,280,23.9
1/26/19,6.71,0.08,1.1,1.2,18,24,13,210,14.1
1/27/19,12.3,0.08,1.1,2,27,32,13,280,23
1/28/19,7.61,0,0,0,20,41,6,150,13
1/29/19,11.63,0.04,0.5,0,29,43,13,230,23
1/30/19,12.97,0.03,0.4,1.2,7,15,-5,280,29.1
1/31/19,7.83,0,0,1.2,-1,9,-5,230,17
2/1/19,1.79,0.13,2.1,2,10,19,6,50,8.1
2/2/19,4.7,0,0,2,18,38,6,210,16.1
2/3/19,4.03,0,0,1.2,38,56,26,240,15
2/4/19,4.92,0.01,0,0,46,62,32,210,16.1
2/5/19,6.93,0.01,0,0,51,55,39,310,14.1
2/6/19,4.25,0.54,0,0,45,52,39,150,13
2/7/19,5.59,0.85,0,0,52,60,46,220,18.1
2/8/19,17.67,0.08,0,0,40,58,20,260,28
2/9/19,7.83,0,0,0,20,27,14,300,25.1
2/10/19,4.25,0.18,2.1,0,22,31,15,60,8.9
2/11/19,3.36,0.29,0.1,2,31,35,30,90,13
2/12/19,14.09,0.73,1,0,36,50,33,230,33.1
2/13/19,14.32,0.01,0.6,0,32,35,27,240,28
2/14/19,6.04,0,0,0,32,47,26,150,16.1
2/15/19,13.87,0.02,0,0,46,52,26,280,29.1
2/16/19,9.4,0,0,0,27,27,24,300,17
2/17/19,6.49,0.14,0,0,27,35,21,230,12.1
2/18/19,13.2,0.01,0.3,0,30,34,18,270,21.9
2/19/19,2.68,0,0,0,21,31,12,80,8.9
2/20/19,7.83,0.86,4.2,1.2,29,37,25,100,19.9
2/21/19,9.17,0,0,1.2,40,46,34,270,18.1
2/22/19,2.01,0,0,0,36,42,29,10,6.9
2/23/19,8.72,0.03,0,0,36,42,31,130,19.9
2/24/19,19.91,0.08,0,0,45,58,30,280,38
2/25/19,17.22,0,0,0,30,34,22,280,32
2/26/19,7.16,0,0,0,28,35,24,360,15
2/27/19,9.62,0,0,0,33,53,23,320,23
2/28/19,7.61,0.16,2.5,0,30,36,21,310,21
3/1/19,6.71,0.06,1.4,3.9,30,35,27,50,13
3/2/19,7.83,0,0,0,34,40,30,300,19.9
3/3/19,6.04,0.26,3.2,0,30,32,24,320,18.1
3/4/19,12.3,0.01,0.1,3.1,22,24,13,270,19.9
3/5/19,10.74,0.02,0.2,1.2,13,19,6,280,19.9
3/6/19,10.51,0,0,1.2,14,21,9,280,23.9
3/7/19,7.38,0,0,1.2,22,30,16,290,18.1
3/8/19,2.91,0,0,1.2,28,38,20,120,8.9
3/9/19,9.62,0.72,0,0,33,48,21,130,25.1
3/10/19,14.99,0.04,0,0,48,57,39,240,31.1
3/11/19,12.53,0,0,0,40,48,32,310,31.1
3/12/19,6.04,0,0,0,34,45,24,280,15
3/13/19,5.14,0,0,0,40,59,27,200,15
3/14/19,9.84,0.13,0,0,57,77,42,210,25.1
3/15/19,15.66,0.18,0,0,56,64,35,270,25.1
3/16/19,13.2,0.01,0,0,36,41,29,290,25.9
3/17/19,5.14,0,0,0,33,42,25,340,16.1
3/18/19,6.93,0,0,0,35,41,28,290,17
3/19/19,2.91,0,0,0,35,47,25,300,14.1
3/20/19,4.47,0,0,0,39,54,25,230,12.1
3/21/19,5.82,0.01,0,0,46,50,40,320,23
3/22/19,16.55,0.07,0.3,0,38,40,29,310,36
3/23/19,9.84,0,0,0,33,46,22,320,23.9
3/24/19,4.92,0.04,0,0,40,56,27,280,23
3/25/19,7.38,0.26,0,0,45,46,30,340,21
3/26/19,8.05,0,0,0,34,46,25,360,14.1
3/27/19,3.58,0,0,0,39,56,23,160,13
3/28/19,7.38,0,0,0,49,61,37,230,18.1
3/29/19,6.26,0.19,0,0,54,58,50,240,15
3/30/19,8.72,0.17,0,0,57,67,40,320,30
3/31/19,14.76,0.2,0,0,38,40,26,310,23.9
4/1/19,6.71,0,0,0,31,42,23,340,17
4/2/19,4.25,0,0,0,38,54,25,210,15
4/3/19,12.3,0,0,0,46,58,34,300,29.1
4/4/19,5.14,0,0,0,47,56,38,50,16.1
4/5/19,8.5,0.12,0,0,48,55,42,150,18.1
4/6/19,1.79,0,0,0,53,66,45,360,8.1
4/7/19,5.14,0.07,0,0,57,71,43,200,17
4/8/19,9.17,0,0,0,64,68,55,230,17
4/9/19,13.65,0,0,0,61,69,47,310,29.1
4/10/19,8.72,0,0,0,50,56,40,10,17
4/11/19,10.74,0,0,0,51,72,40,120,18.1
4/12/19,10.29,0.19,0,0,63,75,57,270,25.9
4/13/19,4.92,0,0,0,60,69,48,220,15
4/14/19,10.07,0.9,0,0,59,75,47,280,38
4/15/19,15.21,0,0,0,46,57,35,280,28
4/16/19,8.5,0,0,0,48,67,37,210,18.1
4/17/19,4.03,0,0,0,64,74,52,210,15
4/18/19,8.5,0,0,0,68,79,59,180,25.9
4/19/19,8.72,0.22,0,0,66,71,49,200,23.9
4/20/19,7.83,0.56,0,0,56,66,49,300,18.1
4/21/19,7.61,0.07,0,0,49,53,44,290,15
4/22/19,2.01,0,0,0,54,69,46,200,8.1
4/23/19,10.51,0.03,0,0,62,77,49,230,23.9
4/24/19,6.49,0,0,0,57,66,44,330,19.9
4/25/19,4.47,0.24,0,0,56,61,49,100,13
4/26/19,13.2,0.64,0,0,57,60,46,300,31.1
4/27/19,13.2,0.05,0,0,49,59,41,300,29.1
4/28/19,8.72,0.13,0,0,46,52,39,340,21
4/29/19,8.28,0.01,0,0,50,70,34,120,18.1
4/30/19,6.26,0.21,0,0,57,62,51,320,23.9
5/1/19,9.17,0,0,0,66,85,54,220,23
5/2/19,5.59,0.7,0,0,69,79,61,290,30
5/3/19,3.58,0.2,0,0,65,71,61,330,14.1
5/4/19,6.93,0.12,0,0,60,64,54,320,13
5/5/19,7.83,0.1,0,0,56,64,50,320,14.1
5/6/19,3.8,0,0,0,59,73,44,300,13
5/7/19,6.71,0,0,0,64,79,48,10,21
5/8/19,7.38,0,0,0,62,77,50,130,16.1
5/9/19,9.84,0.2,0,0,69,80,61,200,21
5/10/19,9.62,0.11,0,0,66,72,51,330,19.9
5/11/19,7.61,0.22,0,0,55,64,46,110,16.1
5/12/19,5.82,0.38,0,0,54,57,51,30,12.1
5/13/19,10.29,0.07,0,0,53,56,44,320,21.9
5/14/19,8.5,0.01,0,0,47,56,42,320,21
5/15/19,6.71,0,0,0,54,69,42,230,17
5/16/19,7.61,0.03,0,0,62,74,51,280,17
5/17/19,6.71,0.16,0,0,66,74,60,230,16.1
5/18/19,5.37,0.15,0,0,66,82,56,240,23.9
5/19/19,9.62,0.02,0,0,73,86,61,230,21.9
5/20/19,13.65,0,0,0,69,74,53,290,25.1
5/21/19,6.49,0,0,0,54,60,45,10,17
5/22/19,7.83,0,0,0,60,80,47,150,15
5/23/19,10.07,0.08,0,0,73,80,64,220,21.9
5/24/19,6.49,0,0,0,69,78,54,320,18.1
5/25/19,6.93,0.06,0,0,72,84,58,300,31.1
5/26/19,6.26,0.07,0,0,70,79,62,280,28
5/27/19,4.7,0,0,0,68,77,61,320,14.1
5/28/19,8.5,0.51,0,0,73,84,64,320,21
5/29/19,7.16,1.93,0,0,71,82,65,300,33.1
5/30/19,8.05,0.85,0,0,68,73,60,250,19.9
5/31/19,4.7,0,0,0,66,77,57,320,13
6/1/19,7.61,0.11,0,0,67,77,57,30,32
6/2/19,9.17,0.29,0,0,64,72,50,340,23
6/3/19,9.62,0,0,0,57,65,47,310,21
6/4/19,4.92,0,0,0,58,74,43,200,15
6/5/19,8.05,0.05,0,0,67,72,59,220,21
6/6/19,7.83,0,0,0,69,78,65,20,14.1
6/7/19,7.16,0,0,0,68,77,60,50,15
6/8/19,10.74,0,0,0,70,81,61,120,19.9
6/9/19,13.65,0.03,0,0,73,79,65,130,23.9
6/10/19,11.41,0.35,0,0,69,79,59,310,25.9
6/11/19,9.84,0,0,0,63,74,50,320,21.9
6/12/19,8.05,0,0,0,63,76,47,130,21
6/13/19,10.74,0.17,0,0,63,69,52,280,23.9
6/14/19,10.51,0.11,0,0,59,71,50,290,21
6/15/19,7.16,0.02,0,0,63,74,54,230,21
6/16/19,8.5,0.74,0,0,69,77,64,240,19.9
6/17/19,5.82,0.61,0,0,69,76,66,230,15
6/18/19,5.82,0.25,0,0,71,75,65,300,16.1
6/19/19,3.8,0.13,0,0,71,80,66,200,10.1
6/20/19,8.5,1.06,0,0,70,75,63,300,23.9
6/21/19,11.86,0.08,0,0,67,75,57,290,21.9
6/22/19,3.8,0,0,0,65,77,51,350,13
6/23/19,3.58,0,0,0,68,80,52,190,12.1
6/24/19,6.93,1.92,0,0,73,84,64,250,25.1
6/25/19,9.4,0,0,0,72,81,67,290,18.1
6/26/19,7.83,0,0,0,75,85,67,280,15
6/27/19,2.91,0.48,0,0,75,89,66,330,21.9
6/28/19,3.8,0,0,0,74,87,63,230,13
6/29/19,6.93,0.02,0,0,78,88,69,360,19.9
6/30/19,10.07,0,0,0,74,84,65,320,21.9
7/1/19,2.68,0,0,0,71,84,56,310,12.1
7/2/19,6.93,0.19,0,0,78,90,68,300,23.9
7/3/19,3.8,0.18,0,0,73,83,66,300,21.9
7/4/19,3.36,0.06,0,0,77,88,69,120,15
7/5/19,2.68,0.42,0,0,75,83,69,170,17
7/6/19,3.8,0.9,0,0,76,89,68,10,33.1
7/7/19,4.92,0.57,0,0,73,80,70,30,14.1
7/8/19,6.04,0,0,0,74,84,68,10,13
7/9/19,2.68,0,0,0,76,88,65,90,8.9
7/10/19,2.91,0,0,0,79,89,68,240,12.1
7/11/19,5.59,2.32,0,0,74,76,65,280,25.9
7/12/19,6.71,0,0,0,71,80,65,320,16.1
7/13/19,5.37,0,0,0,73,85,61,290,16.1
7/14/19,6.71,0,0,0,76,83,67,330,16.1
7/15/19,2.01,0,0,0,74,86,60,230,10.1
7/16/19,6.71,0.02,0,0,78,86,71,210,16.1
7/17/19,6.26,0.88,0,0,75,79,70,240,14.1
7/18/19,4.7,0,0,0,76,87,69,290,13
7/19/19,6.93,0,0,0,79,87,74,230,15
7/20/19,6.04,0.11,0,0,81,90,76,240,16.1
7/21/19,5.37,0.69,0,0,81,89,70,290,33.1
7/22/19,7.61,0.45,0,0,71,75,64,350,25.1
7/23/19,9.4,0,0,0,69,78,59,320,18.1
7/24/19,6.49,0,0,0,67,78,56,360,18.1
7/25/19,2.01,0,0,0,69,81,57,360,8.9
7/26/19,2.46,0,0,0,71,84,58,120,12.1
7/27/19,5.14,0,0,0,74,84,62,240,15
7/28/19,7.83,0,0,0,77,85,70,240,16.1
7/29/19,7.16,0,0,0,78,87,71,210,15
7/30/19,6.93,0.13,0,0,76,81,66,30,18.1
7/31/19,4.47,0,0,0,73,85,65,320,21
8/1/19,5.37,0,0,0,74,85,65,10,12.1
8/2/19,5.14,0.02,0,0,76,88,66,120,19.9
8/3/19,4.92,0,0,0,73,84,63,300,14.1
8/4/19,3.36,0,0,0,74,85,60,20,16.1
8/5/19,2.01,0.29,0,0,74,86,64,260,19.9
8/6/19,5.82,0.23,0,0,76,86,66,10,21.9
8/7/19,5.82,0,0,0,71,82,65,230,21
8/8/19,6.26,0.38,0,0,72,82,64,260,13
8/9/19,7.61,0,0,0,71,78,61,280,18.1
8/10/19,5.37,0,0,0,68,80,59,340,18.1
8/11/19,2.24,0,0,0,68,80,55,180,8.1
8/12/19,4.25,0.01,0,0,72,85,58,340,15
8/13/19,3.8,0.49,0,0,70,72,66,10,10.1
8/14/19,5.82,0,0,0,73,83,66,300,13
8/15/19,2.91,0.06,0,0,72,83,63,210,13
8/16/19,4.25,0,0,0,73,82,64,230,14.1
8/17/19,5.14,0,0,0,74,86,63,210,17
8/18/19,5.82,0,0,0,77,89,67,210,16.1
8/19/19,5.37,0.03,0,0,77,86,67,300,30
8/20/19,4.03,0.12,0,0,77,88,67,300,31.1
8/21/19,6.71,0.12,0,0,75,82,69,260,17
8/22/19,6.71,0.04,0,0,74,81,66,10,17
8/23/19,8.5,0,0,0,67,73,62,10,17
8/24/19,6.49,0,0,0,65,75,56,40,15
8/25/19,6.93,0,0,0,64,75,53,150,19.9
8/26/19,9.62,0,0,0,66,75,57,120,21
8/27/19,7.16,0.14,0,0,67,74,62,210,16.1
8/28/19,7.61,0.52,0,0,73,80,60,280,19.9
8/29/19,5.82,0,0,0,67,78,56,280,17
8/30/19,8.95,0,0,0,72,83,64,280,21
8/31/19,6.49,0,0,0,70,77,62,30,14.1
9/1/19,8.28,3.38,0,0,68,77,62,290,38.9
9/2/19,4.7,0.15,0,0,69,76,63,310,14.1
9/3/19,4.25,0,0,0,70,81,60,210,15
9/4/19,8.72,0,0,0,74,82,60,10,18.1
9/5/19,6.71,0,0,0,65,77,54,360,13
9/6/19,5.59,0,0,0,66,79,55,300,14.1
9/7/19,6.04,0,0,0,65,74,56,290,16.1
9/8/19,3.8,0,0,0,64,74,54,340,10.1
9/9/19,3.58,0,0,0,67,77,56,20,13
9/10/19,3.36,0,0,0,71,86,56,230,10.1
9/11/19,3.8,0,0,0,77,90,66,260,15
9/12/19,6.71,0.13,0,0,77,85,68,320,23
9/13/19,10.29,0,0,0,74,86,64,140,19.9
9/14/19,6.49,0,0,0,71,79,58,300,17
9/15/19,1.57,0,0,0,66,80,53,280,8.1
9/16/19,5.59,0,0,0,72,84,64,360,15
9/17/19,6.93,0,0,0,71,80,61,50,13
9/18/19,6.04,0,0,0,66,77,55,60,15
9/19/19,6.26,0,0,0,64,76,50,140,15
9/20/19,1.34,0,0,0,66,82,52,160,8.1
9/21/19,2.91,0,0,0,73,86,63,290,13
9/22/19,5.37,0,0,0,75,87,64,210,16.1
9/23/19,8.28,0.02,0,0,72,74,60,230,17
9/24/19,5.37,0,0,0,63,73,52,300,15
9/25/19,4.7,0,0,0,63,77,48,210,14.1
9/26/19,6.71,0,0,0,68,78,53,300,23
9/27/19,4.47,0,0,0,63,82,47,140,15
9/28/19,6.04,0.31,0,0,72,83,64,340,23.9
9/29/19,4.92,0,0,0,68,75,62,50,10.1
9/30/19,2.91,1.35,0,0,69,79,65,20,13
10/1/19,4.92,0,0,0,76,88,67,280,16.1
10/2/19,6.04,0,0,0,76,85,69,310,16.1
10/3/19,8.95,0.48,0,0,76,89,64,340,21
10/4/19,10.29,0,0,0,62,64,46,360,21.9
10/5/19,10.74,0,0,0,53,68,43,130,18.1
10/6/19,5.14,0.34,0,0,60,67,54,340,14.1
10/7/19,3.58,1.12,0,0,57,62,50,360,15
10/8/19,5.59,0,0,0,55,66,48,90,15
10/9/19,5.37,0,0,0,56,68,46,120,12.1
10/10/19,3.8,0,0,0,58,72,45,130,8.9
10/11/19,5.82,0,0,0,61,74,50,120,13
10/12/19,8.05,0.03,0,0,57,63,39,300,21
10/13/19,5.14,0,0,0,47,65,34,210,14.1
10/14/19,7.38,0,0,0,54,62,45,290,17
10/15/19,3.8,0,0,0,51,67,37,140,14.1
10/16/19,10.07,1.2,0,0,52,59,45,290,23
10/17/19,14.54,0.03,0,0,45,51,42,310,28
10/18/19,5.82,0,0,0,47,56,38,320,16.1
10/19/19,2.46,0,0,0,46,63,32,140,8.9
10/20/19,1.79,0,0,0,55,69,47,150,6.9
10/21/19,7.83,0,0,0,55,72,43,120,19.9
10/22/19,5.82,0.52,0,0,60,63,48,150,16.1
10/23/19,8.28,0,0,0,51,58,44,270,21.9
10/24/19,5.14,0,0,0,52,68,38,220,14.1
10/25/19,2.46,0,0,0,51,59,42,210,8.1
10/26/19,7.61,0.37,0,0,51,55,46,110,16.1
10/27/19,10.29,0.53,0,0,58,63,47,250,25.1
10/28/19,2.24,0,0,0,53,67,40,120,10.1
10/29/19,5.82,0,0,0,57,71,47,240,17
10/30/19,4.7,0.6,0,0,55,63,47,150,10.1
10/31/19,11.41,1.97,0,0,61,68,35,230,31.1
11/1/19,8.5,0,0,0,38,42,31,270,25.9
11/2/19,6.93,0,0,0,36,49,26,250,18.1
11/3/19,6.49,0,0,0,41,47,32,270,17
11/4/19,6.49,0,0,0,42,55,33,210,21.9
11/5/19,5.14,0.13,0,0,47,52,36,300,14.1
11/6/19,3.8,0,0,0,39,50,30,200,12.1
11/7/19,7.61,0.37,0,0,42,47,29,310,18.1
11/8/19,8.5,0,0,0,30,36,23,300,18.1
11/9/19,4.7,0,0,0,29,39,22,220,14.1
11/10/19,6.93,0,0,0,42,54,35,220,16.1
11/11/19,6.71,0.1,0,0,49,62,33,320,23
11/12/19,14.32,0.13,3,1.2,32,33,17,290,25.9
11/13/19,3.58,0,0,2,19,27,12,180,10.1
11/14/19,5.59,0,0,0,30,42,24,210,16.1
11/15/19,5.14,0,0,0,32,43,24,20,14.1
11/16/19,8.28,0,0,0,35,42,29,50,15
11/17/19,7.38,0,0,0,35,47,26,100,14.1
11/18/19,2.91,0,0,0,38,52,32,80,8.1
11/19/19,1.12,0,0,0,37,42,32,260,6.9
11/20/19,6.04,0,0,0,40,43,29,300,16.1
11/21/19,6.71,0,0,0,36,54,27,230,23
11/22/19,11.41,0.15,0,0,47,53,28,320,30
11/23/19,4.25,0.56,0,0,33,43,24,90,13
11/24/19,9.62,0.07,0,0,36,40,33,320,18.1
11/25/19,7.61,0,0,0,41,52,33,210,16.1
11/26/19,4.7,0,0,0,49,58,42,230,13
11/27/19,14.99,0.12,0,0,51,62,37,270,33.1
11/28/19,14.54,0,0,0,38,39,35,290,32
11/29/19,5.59,0,0,0,35,38,32,330,12.1
11/30/19,5.59,0.02,0,0,36,41,33,100,16.1
12/1/19,9.62,0.57,0,0,41,50,36,300,19.9
12/2/19,10.29,0,0,0,36,38,31,320,21.9
12/3/19,9.17,0.05,0.6,0,32,33,31,310,16.1
12/4/19,11.63,0.06,0.6,0,33,35,31,290,25.1
12/5/19,10.07,0.01,0.2,0,35,41,29,290,21.9
12/6/19,8.95,0,0,0,37,46,29,330,23.9
12/7/19,2.91,0,0,0,31,37,22,350,8.9
12/8/19,6.26,0,0,0,34,49,24,170,13
12/9/19,9.4,0.88,0,0,49,56,44,220,21
12/10/19,11.86,0.13,0,0,46,57,27,270,23.9
12/11/19,10.51,0.01,0,0,25,28,19,240,19.9
12/12/19,4.47,0,0,0,25,36,15,140,15
12/13/19,4.03,0.04,0,0,32,39,28,160,10.1
12/14/19,9.4,0.48,0,0,37,39,34,300,18.1
12/15/19,9.4,0,0,0,34,38,29,300,29.1
12/16/19,6.49,0.11,0.5,1.2,31,35,28,50,10.1
12/17/19,11.41,0.3,0,0,32,33,23,290,21.9
12/18/19,14.32,0.05,2,0,24,27,15,290,32
12/19/19,5.82,0,0,1.2,17,27,9,200,14.1
12/20/19,2.01,0,0,1.2,24,35,15,120,8.9
12/21/19,2.24,0,0,0,31,47,22,200,8.1
12/22/19,2.46,0,0,0,36,50,24,280,10.1
12/23/19,1.12,0,0,0,38,56,24,240,6.9
12/24/19,2.01,0,0,0,33,34,26,40,6.9
12/25/19,1.79,0,0,0,34,50,28,160,6.9
12/26/19,3.58,0,0,0,44,62,31,230,13
12/27/19,6.71,0.02,0,0,55,58,41,230,13
12/28/19,2.24,0,0,0,43,47,38,330,12.1
12/29/19,4.25,0.52,0,0,45,56,40,100,8.9
12/30/19,11.86,0.18,0,0,54,60,37,230,30
12/31/19,11.41,0.11,0.7,0,37,38,29,240,21.9
1/1/20,8.28,0.03,0,1.2,32,38,28,260,21
1/2/20,7.83,0.08,0,0,36,48,28,200,18.1
1/3/20,1.79,0.94,0,0,48,51,45,190,8.1
1/4/20,9.84,0.24,0.1,0,44,49,32,320,21.9
1/5/20,11.41,0.02,0,0,31,37,29,320,25.9
1/6/20,10.51,0,0,0,37,42,34,280,19.9
1/7/20,4.03,0,0,0,33,38,25,150,18.1
1/8/20,14.54,0.02,0.4,0,32,36,19,290,33.1
1/9/20,6.26,0,0,0,25,45,16,130,13
1/10/20,5.14,0.14,0,0,47,55,44,200,15
1/11/20,10.29,0.08,0,0,59,71,53,270,25.9
1/12/20,11.18,0,0,0,49,62,36,250,30
1/13/20,4.7,0,0,0,39,50,30,250,15
1/14/20,5.14,0,0,0,40,51,34,240,15
1/15/20,5.14,0.02,0,0,41,53,32,280,23.9
1/16/20,19.01,0.04,0.5,0,41,51,24,290,30
1/17/20,8.28,0.02,0.5,1.2,26,29,23,320,21.9
1/18/20,11.86,0.72,1.4,1.2,30,47,23,280,30
1/19/20,15.21,0.01,0.3,0,28,37,15,280,28
1/20/20,7.61,0,0.1,0,18,26,13,340,15
1/21/20,4.7,0,0,0,20,24,13,310,12.1
1/22/20,2.01,0,0,0,20,36,9,160,8.9
1/23/20,2.46,0,0,0,30,45,19,70,12.1
1/24/20,7.38,1.04,0,0,39,44,36,130,16.1
1/25/20,7.61,0.19,0.1,0,41,43,33,260,16.1
1/26/20,10.29,0.03,0.5,1.2,33,33,31,230,16.1
1/27/20,9.17,0.01,0,0,33,34,32,290,15
1/28/20,8.95,0.01,0,0,33,35,31,300,15
1/29/20,6.93,0,0,0,31,34,25,360,14.1
1/30/20,2.68,0,0,0,27,33,22,300,8.1
1/31/20,2.01,0.05,0.3,0,32,39,30,350,6.9
2/1/20,6.04,0.06,0.7,0,32,34,30,240,12.1
2/2/20,12.53,0.03,0.2,0,38,54,31,290,25.9
2/3/20,7.16,0,0,0,48,62,34,200,17
2/4/20,11.18,0.27,0,0,54,60,32,360,21.9
2/5/20,9.4,0.33,0,0,33,36,30,360,17
2/6/20,5.82,0.35,0,0,36,40,32,310,17
2/7/20,13.2,0.36,5.1,3.1,30,32,24,290,25.1
2/8/20,6.49,0.02,0,2,27,32,23,220,14.1
2/9/20,6.71,0.04,0,2,31,41,29,200,16.1
2/10/20,8.72,0.38,0,0,42,47,39,210,21
2/11/20,7.61,0.04,0.1,0,36,39,32,270,14.1
2/12/20,5.82,0.41,0.7,0,33,36,26,60,14.1
2/13/20,10.74,0.29,0.5,0,33,35,26,320,29.1
2/14/20,11.18,0.01,0.2,0,23,26,12,310,23.9
2/15/20,4.92,0,0,0,19,35,8,170,15
2/16/20,5.14,0,0,0,36,40,27,280,12.1
2/17/20,4.92,0,0,0,32,46,21,70,14.1
2/18/20,10.51,0.03,0,0,47,51,35,300,21
2/19/20,9.84,0,0,0,35,39,25,300,19.9
2/20/20,7.16,0,0,0,26,28,16,330,16.1
2/21/20,6.26,0,0,0,21,33,11,270,14.1
2/22/20,8.28,0,0,0,31,46,22,240,18.1
2/23/20,7.38,0,0,0,38,51,26,210,19.9
2/24/20,5.14,0,0,0,45,54,35,230,18.1
2/25/20,2.68,0.11,0,0,45,48,41,60,8.9
2/26/20,6.71,0.5,0,0,45,49,31,280,21
2/27/20,16.55,0.07,1.3,0,28,31,21,290,29.1
2/28/20,12.08,0,0,0,25,32,20,280,23.9
2/29/20,12.97,0,0,0,24,32,18,300,21.9
3/1/20,6.26,0,0,0,30,47,19,200,16.1
3/2/20,10.51,0.05,0,0,47,57,39,210,23.9
3/3/20,8.5,0.58,0,0,49,56,39,300,33.1
3/4/20,10.29,0,0,0,42,53,34,290,29.1
3/5/20,3.58,0,0,0,38,50,25,200,14.1
3/6/20,11.86,0.06,0.1,0,37,41,29,330,29.1
3/7/20,9.17,0,0,0,34,42,29,330,21.9
3/8/20,6.49,0,0,0,41,60,28,210,14.1
3/9/20,8.95,0,0,0,55,66,46,220,21
3/10/20,13.2,0.14,0,0,54,61,38,330,25.9
3/11/20,3.36,0,0,0,40,47,37,130,10.1
3/12/20,4.25,0,0,0,50,64,42,170,17
3/13/20,14.54,0.12,0,0,55,57,40,300,33.1
3/14/20,5.82,0.16,0.7,0,40,44,31,30,14.1
3/15/20,6.71,0.01,0.2,1.2,37,51,32,10,14.1
3/16/20,6.26,0.07,0,0,39,47,28,120,17
3/17/20,7.16,0.05,0,0,43,45,39,300,16.1
3/18/20,7.16,0.75,0,0,42,56,28,210,23
3/19/20,7.83,0.42,0,0,54,65,49,190,16.1
3/20/20,15.88,0.9,0,0,62,72,37,300,31.1
3/21/20,9.4,0,0,0,35,37,29,350,19.9
3/22/20,10.07,0,0,0,36,50,28,120,21
3/23/20,9.84,0.23,0,0,44,48,39,300,21
3/24/20,5.82,0,0,0,40,44,37,60,12.1
3/25/20,5.14,0.19,0,0,45,55,42,90,14.1
3/26/20,6.04,0.05,0,0,51,68,36,210,17
3/27/20,4.25,0.17,0,0,53,58,49,350,10.1
3/28/20,4.7,0.81,0,0,58,72,50,100,21.9
3/29/20,14.76,0.05,0,0,67,77,57,210,35.1
3/30/20,13.2,0,0,0,52,57,41,240,25.1
3/31/20,4.92,0.02,0,0,42,46,38,330,16.1
4/1/20,8.5,0.04,0,0,45,53,38,330,21.9
4/2/20,13.42,0,0,0,44,58,32,310,28
4/3/20,12.53,0,0,0,47,60,32,300,23.9
4/4/20,3.8,0,0,0,48,64,34,320,12.1
4/5/20,6.26,0.01,0,0,53,65,41,330,15
4/6/20,2.91,0,0,0,48,65,35,360,8.9
4/7/20,4.7,0.12,0,0,55,64,48,250,14.1
4/8/20,8.95,0.56,0,0,60,70,50,310,59.9
4/9/20,16.78,0.12,0,0,51,57,34,310,35.1
4/10/20,17,0.02,0.1,0,37,43,32,300,32
4/11/20,7.38,0,0,0,41,54,32,270,17
4/12/20,7.61,0.15,0,0,51,69,39,170,21
4/13/20,12.3,0.51,0,0,57,62,40,290,31.1
4/14/20,8.05,0,0,0,41,44,33,300,21
4/15/20,9.4,0.04,0,0,38,48,28,260,21
4/16/20,10.29,0,0,0,35,44,29,290,23.9
4/17/20,5.59,0.59,0,0,38,47,29,230,16.1
4/18/20,10.51,0.08,0,0,41,49,34,290,18.1
4/19/20,8.95,0,0,0,45,56,34,230,18.1
4/20/20,7.16,0,0,0,48,59,38,280,16.1
4/21/20,18.34,0.05,0,0,47,52,35,290,35.1
4/22/20,9.4,0,0,0,38,48,29,320,21.9
4/23/20,5.37,0.15,0,0,46,61,37,210,13
4/24/20,8.5,0.02,0,0,52,66,47,310,17
4/25/20,5.82,0.1,0,0,53,67,39,130,14.1
4/26/20,7.16,1.19,0,0,53,56,42,10,21
4/27/20,10.29,0,0,0,47,59,40,340,21.9
4/28/20,6.93,0,0,0,52,60,47,220,13
4/29/20,12.3,0.41,0,0,61,75,51,150,25.9
4/30/20,9.62,0.43,0,0,54,58,46,250,21.9
5/1/20,9.62,0,0,0,48,54,43,310,21.9
5/2/20,7.83,0,0,0,52,70,37,200,18.1
5/3/20,7.38,0,0,0,67,75,57,320,18.1
5/4/20,12.3,0,0,0,56,60,42,320,21.9
5/5/20,5.37,0.07,0,0,44,53,35,70,13
5/6/20,10.96,0.28,0,0,44,54,38,310,25.1
5/7/20,8.95,0,0,0,48,63,32,290,31.1
5/8/20,9.84,0.15,0,0,46,49,30,360,25.1
5/9/20,11.63,0,0,0,34,43,28,300,28
5/10/20,9.4,0.07,0,0,46,61,35,280,32
5/11/20,13.2,0.05,0,0,42,43,38,290,23.9
5/12/20,8.95,0,0,0,44,55,37,290,21.9
5/13/20,3.58,0,0,0,50,64,34,310,21
5/14/20,5.82,0.08,0,0,55,70,42,230,16.1
5/15/20,10.29,0.16,0,0,68,79,59,240,25.1
5/16/20,4.7,0,0,0,65,75,56,50,13
5/17/20,9.62,0,0,0,69,81,61,110,17
5/18/20,11.86,0,0,0,69,80,61,110,21.9
5/19/20,16.55,0.23,0,0,63,69,57,130,30
5/20/20,12.75,0,0,0,59,68,52,120,23
5/21/20,11.41,0,0,0,60,72,50,150,21.9
5/22/20,4.47,0.34,0,0,62,70,56,110,8.9
5/23/20,2.01,0,0,0,64,77,54,300,8.9
5/24/20,5.82,0,0,0,69,81,57,140,14.1
5/25/20,4.92,0,0,0,73,86,61,180,12.1
5/26/20,6.71,0,0,0,77,88,62,110,18.1
5/27/20,7.16,0,0,0,74,82,64,120,19.9
5/28/20,6.93,0.35,0,0,72,80,65,210,18.1
5/29/20,10.29,0.41,0,0,71,79,57,310,28
5/30/20,6.93,0,0,0,60,70,50,340,21
5/31/20,8.05,0,0,0,57,62,47,340,18.1
6/1/20,3.8,0,0,0,56,71,40,280,17
6/2/20,8.5,0.01,0,0,66,83,54,250,19.9
6/3/20,11.63,0,0,0,77,85,70,260,23
6/4/20,6.49,0.56,0,0,73,85,64,300,42.9
6/5/20,3.36,0,0,0,68,76,63,290,12.1
6/6/20,9.84,0,0,0,74,83,64,290,21.9
6/7/20,7.61,0,0,0,68,76,53,300,17
6/8/20,1.79,0,0,0,67,82,52,120,8.1
6/9/20,4.03,0,0,0,74,90,57,210,14.1
6/10/20,10.07,0.73,0,0,81,89,67,260,29.1
6/11/20,9.17,0,0,0,71,76,63,290,19.9
6/12/20,8.5,0,0,0,68,78,57,340,25.9
6/13/20,5.59,0.02,0,0,62,70,54,10,14.1
6/14/20,9.4,0,0,0,62,73,51,130,16.1
6/15/20,6.04,0,0,0,64,75,57,120,14.1
6/16/20,3.8,0,0,0,68,79,54,100,15
6/17/20,5.82,0,0,0,68,76,58,100,14.1
6/18/20,8.5,0.04,0,0,71,79,65,100,18.1
6/19/20,4.47,0.15,0,0,69,78,62,290,21
6/20/20,2.68,0,0,0,69,85,58,320,10.1
6/21/20,4.03,0,0,0,76,88,63,300,14.1
6/22/20,6.26,0.14,0,0,74,83,65,210,21.9
6/23/20,9.62,0.01,0,0,71,78,63,210,23
6/24/20,8.5,0,0,0,69,78,57,300,21
6/25/20,5.37,0.02,0,0,68,81,56,300,32
6/26/20,8.28,0,0,0,71,85,62,220,18.1
6/27/20,9.84,0.59,0,0,73,80,68,230,21
6/28/20,6.49,0.03,0,0,72,83,64,340,16.1
6/29/20,4.25,0,0,0,73,86,59,310,14.1
6/30/20,6.04,0,0,0,76,88,62,20,15
7/1/20,7.38,0,0,0,75,84,65,40,15
7/2/20,5.82,0,0,0,76,89,63,330,16.1
7/3/20,6.71,0,0,0,79,91,64,300,15
7/4/20,6.26,0,0,0,81,91,70,350,15
7/5/20,3.8,0,0,0,80,93,65,280,12.1
7/6/20,4.92,0,0,0,82,94,68,300,15
7/7/20,4.03,0.83,0,0,79,93,66,330,29.1
7/8/20,2.68,0,0,0,76,90,65,310,8.9
7/9/20,3.8,0.44,0,0,81,91,70,40,29.1
7/10/20,4.03,0.13,0,0,78,90,68,280,33.1
7/11/20,8.95,0.1,0,0,72,82,67,300,21.9
7/12/20,4.47,0,0,0,73,82,64,300,19.9
7/13/20,6.04,0,0,0,71,82,63,330,18.1
7/14/20,2.91,0,0,0,71,83,56,330,13
7/15/20,3.58,0,0,0,75,88,62,100,12.1
7/16/20,8.95,0.08,0,0,80,88,72,200,25.1
7/17/20,4.03,0,0,0,79,87,70,260,12.1
7/18/20,4.25,0,0,0,78,90,65,230,13
7/19/20,8.28,0,0,0,82,92,74,230,18.1
7/20/20,7.16,0,0,0,80,90,72,300,17
7/21/20,3.58,0.2,0,0,77,83,71,340,18.1
7/22/20,6.71,0.19,0,0,76,85,69,320,19.9
7/23/20,5.37,0.89,0,0,75,82,70,310,21
7/24/20,5.14,0,0,0,76,86,70,350,14.1
7/25/20,2.91,0,0,0,77,87,65,300,13
7/26/20,5.14,0,0,0,78,88,65,290,16.1
7/27/20,7.83,0.24,0,0,80,92,70,320,29.1
7/28/20,6.71,0,0,0,75,85,70,300,16.1
7/29/20,5.82,0,0,0,76,88,64,230,16.1
7/30/20,3.8,0,0,0,75,81,68,200,15
7/31/20,7.83,0,0,0,76,87,68,340,16.1
8/1/20,4.7,0.61,0,0,74,79,68,30,14.1
8/2/20,10.51,0.43,0,0,73,77,66,230,23
8/3/20,5.14,0,0,0,72,82,63,340,17
8/4/20,6.71,0.66,0,0,71,80,64,280,28
8/5/20,5.14,0,0,0,67,77,60,270,14.1
8/6/20,5.14,0,0,0,69,82,60,330,10.1
8/7/20,7.16,0,0,0,74,83,62,330,14.1
8/8/20,4.92,0,0,0,73,82,62,330,14.1
8/9/20,3.36,0,0,0,73,86,59,260,13
8/10/20,4.25,0,0,0,78,90,65,220,12.1
8/11/20,6.93,0.01,0,0,77,87,68,210,15
8/12/20,5.82,0,0,0,78,89,68,360,17
8/13/20,5.37,0,0,0,78,92,69,80,17
8/14/20,6.71,0,0,0,80,89,71,90,16.1
8/15/20,6.71,0,0,0,74,76,63,150,18.1
8/16/20,6.04,0,0,0,70,81,59,140,14.1
8/17/20,4.7,0,0,0,73,83,63,290,16.1
8/18/20,6.71,0,0,0,70,81,59,320,18.1
8/19/20,8.5,0,0,0,68,78,55,360,16.1
8/20/20,2.46,0,0,0,69,85,52,230,12.1
8/21/20,2.68,0,0,0,73,87,60,180,12.1
8/22/20,4.47,0,0,0,76,90,63,130,29.1
8/23/20,4.47,0.01,0,0,75,88,64,300,14.1
8/24/20,6.71,0.05,0,0,78,89,67,290,17
8/25/20,8.95,0.01,0,0,78,93,63,350,25.9
8/26/20,5.82,0,0,0,71,86,57,230,15
8/27/20,8.28,0.93,0,0,78,87,68,300,40.9
8/28/20,6.71,2.85,0,0,72,82,68,360,30
8/29/20,10.29,0,0,0,73,83,63,300,29.1
8/30/20,5.37,0,0,0,67,76,57,310,13
8/31/20,6.26,0.01,0,0,66,75,58,120,14.1
9/1/20,5.37,0.12,0,0,73,83,67,310,14.1
9/2/20,7.83,0.25,0,0,74,81,69,250,17
9/3/20,3.58,0.04,0,0,70,75,65,230,10.1
9/4/20,7.61,0,0,0,71,77,55,290,17
9/5/20,5.82,0,0,0,64,77,50,280,15
9/6/20,4.7,0,0,0,68,77,57,220,10.1
9/7/20,7.38,0.17,0,0,68,80,61,340,21.9
9/8/20,2.46,0,0,0,72,85,61,130,12.1
9/9/20,2.24,0,0,0,74,87,62,160,10.1
9/10/20,5.82,0,0,0,74,87,63,330,17
9/11/20,6.49,0,0,0,69,74,63,350,13
9/12/20,8.5,0,0,0,69,81,60,130,15
9/13/20,6.71,0.06,0,0,70,76,63,10,15
9/14/20,9.62,0,0,0,66,71,53,320,23
9/15/20,2.01,0,0,0,56,69,45,130,8.1
9/16/20,2.91,0,0,0,58,75,45,210,10.1
9/17/20,5.59,0,0,0,63,73,53,360,14.1
9/18/20,12.3,0,0,0,60,67,48,360,21
9/19/20,4.47,0,0,0,52,63,39,100,13
9/20/20,4.92,0,0,0,52,68,40,100,15
9/21/20,2.46,0,0,0,54,67,40,130,13
9/22/20,2.24,0,0,0,54,70,38,310,12.1
9/23/20,4.92,0,0,0,61,78,48,310,16.1
9/24/20,2.24,0,0,0,65,76,56,290,10.1
9/25/20,3.8,0,0,0,64,78,52,80,13
9/26/20,2.68,0,0,0,65,78,54,250,12.1
9/27/20,6.49,0,0,0,67,77,56,190,16.1
9/28/20,9.17,0.03,0,0,69,80,58,310,23.9
9/29/20,5.14,0.16,0,0,60,60,53,290,18.1
9/30/20,11.18,0.09,0,0,56,63,49,210,25.9
10/1/20,7.38,0.08,0,0,56,63,45,320,21.9
10/2/20,6.26,0,0,0,49,58,41,290,17
10/3/20,1.12,0,0,0,48,60,35,240,8.9
10/4/20,4.7,0.25,0,0,53,66,45,290,25.9
10/5/20,4.92,0,0,0,52,59,42,290,13
10/6/20,6.26,0,0,0,50,67,36,200,16.1
10/7/20,12.08,0,0,0,63,75,53,290,30
10/8/20,6.26,0,0,0,56,65,43,340,17
10/9/20,4.03,0,0,0,56,74,41,210,15
10/10/20,8.72,0,0,0,66,75,61,240,18.1
10/11/20,5.59,0,0,0,65,69,61,100,12.1
10/12/20,12.08,0,0,0,63,70,58,130,21
10/13/20,8.5,0.12,0,0,59,65,45,320,23
10/14/20,4.7,0,0,0,55,69,46,230,14.1
10/15/20,11.18,0.17,0,0,62,72,47,220,25.1
10/16/20,6.04,0.15,0,0,49,55,36,330,14.1
10/17/20,4.7,0,0,0,44,58,30,250,17
10/18/20,6.71,0,0,0,51,62,41,220,17
10/19/20,2.91,0.38,0,0,55,58,51,160,12.1
10/20/20,3.36,0.17,0,0,57,59,55,340,10.1
10/21/20,5.37,0,0,0,62,73,53,260,17
10/22/20,2.91,0,0,0,66,79,56,240,15
10/23/20,6.26,0.28,0,0,65,78,55,240,18.1
10/24/20,10.29,0.18,0,0,55,63,42,330,21
10/25/20,7.83,0,0,0,45,58,39,70,15
10/26/20,6.26,0.02,0,0,49,55,40,340,15
10/27/20,3.13,0.05,0,0,48,51,45,360,10.1
10/28/20,3.8,0.1,0,0,49,52,47,310,10.1
10/29/20,9.84,1.08,0,0,49,50,45,20,17
10/30/20,9.62,0.26,0,0,44,45,32,340,21.9
10/31/20,4.03,0,0,0,37,49,27,150,15
11/1/20,16.11,0.07,0,0,45,54,32,290,36
11/2/20,14.99,0.03,0.5,1.2,35,43,30,280,25.1
11/3/20,7.83,0,0,0,43,56,35,280,16.1
11/4/20,6.04,0,0,0,52,67,38,210,16.1
11/5/20,5.37,0,0,0,55,69,40,210,18.1
11/6/20,3.58,0,0,0,56,68,42,220,13
11/7/20,1.12,0,0,0,53,72,38,170,8.1
11/8/20,0.89,0,0,0,54,74,38,50,6.9
11/9/20,2.46,0,0,0,56,75,41,150,10.1
11/10/20,5.37,0,0,0,61,76,51,220,14.1
11/11/20,6.04,0.52,0,0,63,65,46,330,19.9
11/12/20,6.26,0,0,0,48,53,35,10,14.1
11/13/20,5.82,0,0,0,42,54,31,290,21.9
11/14/20,4.03,0,0,0,38,47,29,130,12.1
11/15/20,14.32,0.13,0,0,49,59,38,280,32
11/16/20,10.74,0.01,0,0,43,49,37,290,23.9
11/17/20,12.97,0.03,0.3,0,37,42,31,300,31.1
11/18/20,7.16,0,0,0,34,41,31,290,13
11/19/20,10.07,0,0,0,42,62,30,210,21.9
11/20/20,10.07,0,0,0,58,62,54,250,23
11/21/20,6.93,0.02,0,0,49,53,40,360,12.1
11/22/20,8.72,0.42,0,0,46,62,38,300,21.9
11/23/20,9.62,0,0,0,40,42,34,300,23.9
11/24/20,3.8,0,0,0,36,42,28,120,8.9
11/25/20,6.04,0.33,0,0,44,56,38,150,12.1
11/26/20,7.61,0.12,0,0,51,54,48,210,18.1
11/27/20,3.58,0,0,0,48,50,43,310,12.1
11/28/20,6.49,0,0,0,43,46,32,310,17
11/29/20,2.46,0,0,0,39,52,28,140,8.9
11/30/20,8.72,0.34,0,0,41,44,33,320,21
12/1/20,12.75,0.52,6.8,2,31,33,28,260,18.1
12/2/20,11.41,0,0,5.9,31,35,29,280,21
12/3/20,7.61,0,0,3.1,31,40,23,210,17
12/4/20,6.71,0,0,2,38,42,35,210,16.1
12/5/20,10.51,0,0,0,37,39,32,290,21
12/6/20,7.61,0,0,0,31,32,29,300,15
12/7/20,8.5,0,0,0,30,32,26,320,16.1
12/8/20,10.51,0,0,0,31,33,30,280,19.9
12/9/20,8.05,0,0,0,33,40,30,240,17
12/10/20,3.13,0,0,0,40,49,33,160,8.9
12/11/20,4.03,0,0,0,43,61,30,210,16.1
12/12/20,8.05,0.03,0,0,49,58,37,210,18.1
12/13/20,7.61,0,0,0,45,54,36,270,21.9
12/14/20,9.17,0.01,0,0,35,37,29,310,23.9
12/15/20,5.82,0,0,0,29,32,24,70,13
12/16/20,8.72,0.66,9.3,0,29,31,27,130,18.1
12/17/20,2.91,0.17,1.4,9.8,29,31,26,230,8.1
12/18/20,5.14,0.02,0.3,7.9,30,32,28,340,12.1
12/19/20,5.82,0,0,5.9,30,34,26,130,10.1
12/20/20,5.82,0.33,1.3,5.9,33,36,32,210,13
12/21/20,7.38,0.04,0,5.1,36,37,34,210,15
12/22/20,10.07,0.07,0,2,36,38,32,300,23
12/23/20,8.05,0,0,1.2,37,51,26,170,16.1
12/24/20,12.08,1.02,1.5,0,48,51,23,330,23.9
12/25/20,11.41,0.26,5.1,3.9,20,23,14,270,21
12/26/20,9.62,0.04,0.4,3.9,16,22,12,230,18.1
12/27/20,5.37,0,0,3.9,25,42,15,160,14.1
12/28/20,13.42,0,0,1.2,41,48,31,220,28
12/29/20,7.61,0.01,0.2,0,30,34,23,320,19.9
12/30/20,10.07,0.15,0,0,37,53,29,220,21.9
12/31/20,6.26,0.2,1.2,1.2,36,42,28,290,23.9
1/1/21,8.28,0.67,0,0,31,42,28,110,16.1
1/2/21,9.62,0.04,0,0,42,49,36,300,21
1/3/21,5.82,0.44,0,0,37,41,35,290,13
1/4/21,2.24,0.02,0,0,35,36,32,230,12.1
1/5/21,5.37,0.04,0.2,0,33,35,31,310,12.1
1/6/21,8.72,0,0,0,34,36,30,350,14.1
1/7/21,6.71,0,0,0,32,34,27,10,13
1/8/21,7.61,0,0,0,29,34,26,10,13
1/9/21,7.16,0,0,0,28,38,20,300,12.1
1/10/21,2.91,0,0,0,29,37,21,340,10.1
1/11/21,5.59,0,0,0,30,39,23,250,15
1/12/21,7.83,0,0,0,28,29,25,230,16.1
1/13/21,7.38,0,0,0,30,43,22,220,16.1
1/14/21,5.82,0,0,0,40,45,34,200,14.1
1/15/21,7.61,0.13,0,0,39,46,28,130,25.1
1/16/21,3.8,0.21,3.2,0,30,32,25,270,15
1/17/21,7.83,0.11,0.9,2,32,35,30,240,14.1
1/18/21,8.95,0.02,0.2,2,31,32,29,290,19.9
1/19/21,8.95,0,0.2,1.2,31,37,29,280,17
1/20/21,10.96,0.02,0.4,1.2,29,34,18,310,23
1/21/21,11.63,0,0,0,31,44,19,260,23
1/22/21,12.53,0.01,0.1,0,34,37,25,280,21.9
1/23/21,9.62,0.01,0.1,0,22,25,16,330,21
1/24/21,3.58,0,0,0,20,27,12,100,10.1
1/25/21,4.92,0.04,0.2,0,28,33,25,90,12.1
1/26/21,10.96,0.1,0,0,35,43,31,290,21.9
1/27/21,10.51,0,0,0,31,33,25,310,19.9
1/28/21,14.32,0.02,0.8,0,23,25,18,300,21.9
1/29/21,10.74,0,0,0,20,26,13,300,18.1
1/30/21,3.13,0,0,0,19,30,8,90,12.1
1/31/21,10.07,0.39,4.5,1.2,29,32,27,100,17
2/1/21,8.5,0.22,2.5,5.1,29,32,27,350,15
2/2/21,17,0.12,1.9,5.9,27,30,22,330,28
2/3/21,15.66,0,0,5.9,28,33,17,320,25.1
2/4/21,5.82,0.05,0.3,5.1,22,38,8,200,18.1
2/5/21,13.42,0.04,0.1,3.9,33,38,28,240,25.9
2/6/21,8.05,0.01,0.1,3.9,27,31,17,230,19.9
2/7/21,9.17,0,0,3.9,22,25,12,310,19.9
2/8/21,2.91,0.07,1,3.9,17,28,10,310,8.9
2/9/21,5.59,0.26,3.4,7.1,25,29,22,340,13
2/10/21,7.38,0.1,1.1,7.1,23,26,18,30,14.1
2/11/21,9.62,0.02,0.2,7.1,23,27,19,340,18.1
2/12/21,7.61,0,0,7.1,24,28,21,60,14.1
2/13/21,6.71,0,0,7.1,25,28,24,100,14.1
2/14/21,6.26,0,0,7.1,25,27,23,290,14.1
2/15/21,8.95,0.65,1.5,5.9,25,33,20,60,15
2/16/21,10.29,0.13,1.6,5.9,28,34,10,240,21.9
2/17/21,3.58,0.02,0.2,7.1,15,27,8,40,8.9
2/18/21,6.04,0.08,0.9,7.1,25,29,22,110,13
2/19/21,7.61,0.02,0.6,7.9,26,27,19,270,16.1
2/20/21,8.72,0,0.1,7.9,19,23,8,290,21
2/21/21,4.25,0,0,7.9,17,34,2,140,12.1
2/22/21,12.08,0.11,0.6,7.1,35,41,32,260,23
2/23/21,12.3,0.01,0,5.9,38,45,33,290,28
2/24/21,9.84,0.08,0,3.9,43,63,29,300,28
2/25/21,9.17,0,0,0,38,44,28,350,21
2/26/21,7.16,0,0,0,34,43,23,110,17
2/27/21,6.04,0.03,0,0,44,51,36,280,15
2/28/21,7.16,0.8,0,0,44,59,37,140,17
3/1/21,18.12,0.21,0.1,0,46,58,27,300,35.1
3/2/21,6.26,0,0,0,28,38,19,310,17
3/3/21,8.72,0,0,0,38,55,26,230,18.1
3/4/21,12.97,0,0,0,37,41,22,340,25.1
3/5/21,11.86,0,0,0,26,37,18,310,23.9
3/6/21,10.29,0,0,0,29,39,23,320,21.9
3/7/21,3.58,0,0,0,28,41,15,320,17
3/8/21,6.26,0,0,0,33,54,18,210,15
3/9/21,8.05,0,0,0,53,64,45,280,17
3/10/21,6.93,0,0,0,53,68,38,200,21.9
3/11/21,11.86,0.24,0,0,60,63,55,210,23
3/12/21,11.41,0.06,0,0,52,59,38,300,23.9
3/13/21,7.38,0,0,0,39,49,26,310,15
3/14/21,12.75,0,0,0,41,53,28,330,30
3/15/21,9.17,0,0,0,31,41,21,90,15
3/16/21,6.04,0,0,0,46,61,40,130,13
3/17/21,3.8,0,0,0,48,65,33,140,12.1
3/18/21,12.53,2.19,0,0,49,54,37,30,29.1
3/19/21,11.63,0,0,0,38,47,29,10,21.9
3/20/21,5.37,0,0,0,40,57,26,100,14.1
3/21/21,5.59,0,0,0,47,64,29,140,12.1
3/22/21,4.92,0,0,0,52,66,35,120,13
3/23/21,8.5,0,0,0,53,67,36,140,21
3/24/21,7.61,0.05,0,0,60,73,52,210,17
3/25/21,5.37,0,0,0,62,72,48,200,23
3/26/21,13.87,0.05,0,0,58,64,48,240,36
3/27/21,2.91,0,0,0,53,68,41,160,12.1
3/28/21,14.76,0.78,0,0,55,60,36,280,38
3/29/21,8.72,0,0,0,40,51,34,280,21
3/30/21,8.5,0,0,0,51,72,35,200,21.9
3/31/21,9.17,0.3,0,0,56,63,38,320,19.9
4/1/21,16.55,0.09,0.8,0,35,39,24,310,30
4/2/21,12.53,0,0,0,29,40,20,330,25.9
4/3/21,5.37,0,0,0,36,54,21,200,16.1
4/4/21,9.62,0,0,0,54,67,43,300,21
4/5/21,3.36,0,0,0,53,70,35,30,13
4/6/21,3.58,0,0,0,62,77,45,280,15
4/7/21,4.03,0,0,0,67,81,54,340,15
4/8/21,8.95,0.08,0,0,69,82,55,140,25.1
4/9/21,8.5,0,0,0,64,74,57,200,19.9
4/10/21,10.96,0.38,0,0,65,80,52,160,25.9
4/11/21,8.95,0.13,0,0,62,66,51,240,18.1
4/12/21,7.16,0.12,0,0,52,56,45,310,19.9
4/13/21,3.36,0,0,0,53,68,42,220,14.1
4/14/21,5.59,0.01,0,0,56,63,49,210,17
4/15/21,10.74,0.02,0,0,47,50,38,300,21
4/16/21,8.72,0.05,0,0,41,45,39,290,19.9
4/17/21,4.47,0,0,0,43,52,36,20,12.1
4/18/21,4.03,0.06,0,0,45,59,31,310,17
4/19/21,6.04,0.03,0,0,52,64,38,240,17
4/20/21,9.62,0,0,0,54,64,38,360,23
4/21/21,12.97,0.15,1.6,1.2,37,40,32,330,29.1
4/22/21,12.3,0,0,0,37,46,31,290,25.9
4/23/21,7.61,0,0,0,45,60,32,300,21
4/24/21,3.58,0.12,0,0,49,59,34,160,14.1
4/25/21,10.96,0.02,0,0,51,61,39,320,23.9
4/26/21,3.8,0,0,0,45,63,31,150,8.9
4/27/21,8.28,0,0,0,63,82,44,240,21
4/28/21,8.72,0.04,0,0,72,78,66,230,18.1
4/29/21,11.63,1.27,0,0,65,70,50,240,28
4/30/21,16.11,0.1,0,0,51,57,39,300,33.1
5/1/21,7.38,0,0,0,47,63,32,210,19.9
5/2/21,10.96,0,0,0,66,79,59,210,21
5/3/21,6.26,0.45,0,0,63,68,56,220,18.1
5/4/21,7.61,0.24,0,0,66,72,58,220,19.9
5/5/21,11.86,0.28,0,0,54,58,41,320,23
5/6/21,4.03,0,0,0,47,58,36,300,15
5/7/21,6.93,0.18,0,0,48,53,42,310,17
5/8/21,10.07,0,0,0,46,52,40,300,25.9
5/9/21,8.05,1.17,0,0,42,43,39,330,19.9
5/10/21,7.83,0,0,0,46,59,39,290,19.9
5/11/21,9.4,0,0,0,49,56,38,320,23
5/12/21,9.17,0,0,0,48,63,35,330,18.1
5/13/21,4.92,0,0,0,53,65,36,360,14.1
5/14/21,1.57,0,0,0,55,69,37,280,12.1
5/15/21,2.01,0,0,0,56,70,39,300,8.9
5/16/21,2.46,0,0,0,60,69,50,310,13
5/17/21,1.34,0,0,0,59,73,46,150,10.1
5/18/21,1.79,0,0,0,63,79,46,180,12.1
5/19/21,2.01,0,0,0,67,82,49,150,14.1
5/20/21,3.36,0,0,0,71,85,55,140,14.1
5/21/21,4.03,0,0,0,74,85,59,200,14.1
5/22/21,6.26,0,0,0,72,82,60,300,17
5/23/21,9.4,0,0,0,75,87,64,300,21
5/24/21,4.25,0.02,0,0,72,77,67,290,13
5/25/21,6.71,0,0,0,74,87,63,240,17
5/26/21,9.62,0.2,0,0,76,85,65,300,35.1
5/27/21,6.71,0,0,0,66,74,57,310,16.1
5/28/21,8.28,0.49,0,0,62,64,48,20,18.1
5/29/21,10.96,0.06,0,0,49,51,47,40,16.1
5/30/21,4.7,0,0,0,50,56,47,60,12.1
5/31/21,2.46,0,0,0,57,71,45,30,8.9
6/1/21,1.34,0,0,0,63,75,52,230,8.1
6/2/21,3.13,0.12,0,0,64,69,59,160,10.1
6/3/21,7.16,0.13,0,0,65,71,62,230,15
6/4/21,6.04,0,0,0,69,80,61,280,15
6/5/21,6.04,0,0,0,76,86,66,250,16.1
6/6/21,3.8,0,0,0,76,87,62,270,14.1
6/7/21,3.36,0.8,0,0,77,88,69,190,21.9
6/8/21,5.14,0.03,0,0,76,84,70,310,14.1
6/9/21,4.03,0.01,0,0,74,82,68,350,16.1
6/10/21,4.25,0,0,0,72,84,66,200,15
6/11/21,6.26,0.02,0,0,71,76,65,100,12.1
6/12/21,2.68,0,0,0,70,84,60,360,8.9
6/13/21,4.47,0.44,0,0,75,87,65,310,18.1
6/14/21,6.26,0.35,0,0,68,81,58,300,25.9
6/15/21,12.3,0,0,0,66,75,56,330,23.9
6/16/21,8.72,0,0,0,62,72,48,330,19.9
6/17/21,3.8,0,0,0,62,77,45,300,15
6/18/21,8.72,0,0,0,69,80,57,210,19.9
6/19/21,8.5,0.17,0,0,74,77,68,290,25.1
6/20/21,6.93,0,0,0,75,86,66,210,15
6/21/21,9.62,0.93,0,0,76,85,63,310,31.1
6/22/21,9.62,0.01,0,0,62,66,49,330,21
6/23/21,3.8,0,0,0,60,76,45,290,14.1
6/24/21,7.16,0,0,0,68,81,53,140,19.9
6/25/21,7.61,0,0,0,73,82,62,210,17
6/26/21,9.62,0,0,0,75,84,67,210,17
6/27/21,9.62,0,0,0,78,88,68,200,18.1
6/28/21,5.14,0,0,0,81,92,70,190,12.1
6/29/21,5.14,0,0,0,83,92,72,310,19.9
6/30/21,4.03,1.28,0,0,76,85,68,220,23
7/1/21,5.82,0.46,0,0,69,73,63,330,18.1
7/2/21,12.08,0,0,0,65,71,57,290,21
7/3/21,9.62,0,0,0,67,77,58,310,19.9
7/4/21,2.46,0,0,0,70,84,59,310,15
7/5/21,6.04,0,0,0,76,87,63,210,14.1
7/6/21,6.71,0,0,0,81,89,73,280,16.1
7/7/21,5.82,0.23,0,0,78,88,66,140,25.1
7/8/21,5.14,0.72,0,0,70,79,66,320,17
7/9/21,8.72,0.03,0,0,71,77,59,330,21
7/10/21,2.46,0,0,0,65,75,54,70,6.9
7/11/21,6.26,0.39,0,0,71,83,64,200,17
7/12/21,5.59,0,0,0,75,84,70,210,16.1
7/13/21,7.61,0.25,0,0,76,85,68,230,25.1
7/14/21,5.82,0.01,0,0,76,84,70,270,14.1
7/15/21,6.71,0.02,0,0,76,84,68,230,16.1
7/16/21,5.82,0.4,0,0,75,87,68,240,29.1
7/17/21,9.62,0.12,0,0,71,80,63,300,23.9
7/18/21,9.62,0,0,0,69,82,59,320,16.1
7/19/21,4.92,0,0,0,72,82,62,310,13
7/20/21,3.13,0,0,0,74,83,63,240,6.9
7/21/21,9.84,0,0,0,73,79,62,330,18.1
7/22/21,3.58,0,0,0,67,78,56,310,13
7/23/21,2.01,0,0,0,70,80,59,320,8.1
7/24/21,4.03,0.01,0,0,73,83,64,180,10.1
7/25/21,5.37,0,0,0,77,85,70,210,16.1
7/26/21,4.92,0,0,0,78,88,66,310,17
7/27/21,5.14,0,0,0,75,88,59,300,15
7/28/21,3.8,0,0,0,76,87,64,330,15
7/29/21,5.82,0.36,0,0,74,81,65,240,18.1
7/30/21,11.18,0,0,0,73,80,62,310,19.9
7/31/21,3.8,0,0,0,67,77,58,220,13
8/1/21,5.59,0.05,0,0,68,79,59,350,23.9
8/2/21,5.37,0,0,0,66,78,56,30,15
8/3/21,4.92,0,0,0,69,80,56,40,14.1
8/4/21,3.58,0.08,0,0,71,82,60,10,16.1
8/5/21,2.46,0,0,0,71,84,60,270,12.1
8/6/21,3.8,0,0,0,74,86,60,210,17
8/7/21,3.8,0,0,0,76,84,66,200,12.1
8/8/21,4.92,0,0,0,76,88,65,270,14.1
8/9/21,6.26,0,0,0,78,90,67,140,18.1
8/10/21,7.61,0.6,0,0,74,81,67,280,30
8/11/21,6.93,0.81,0,0,75,83,69,310,36.9
8/12/21,8.95,0.79,0,0,78,90,68,220,28
8/13/21,5.14,0.57,0,0,76,87,67,210,36.9
8/14/21,7.61,0.04,0,0,73,82,65,360,16.1
8/15/21,5.82,0,0,0,69,78,61,130,8.9
8/16/21,4.7,0.17,0,0,70,74,66,130,10.1
8/17/21,3.58,0.05,0,0,73,82,68,160,13
8/18/21,8.5,1.67,0,0,72,76,69,310,17
8/19/21,3.8,0,0,0,72,81,67,310,15
8/20/21,4.7,0,0,0,74,84,65,310,12.1
8/21/21,2.46,0,0,0,73,85,60,270,8.9
8/22/21,3.8,0,0,0,75,86,63,320,14.1
8/23/21,7.61,0,0,0,78,88,69,290,21
8/24/21,2.01,0,0,0,76,87,65,250,10.1
8/25/21,3.58,0,0,0,78,90,67,310,30
8/26/21,2.01,0,0,0,76,86,70,180,10.1
8/27/21,3.36,0,0,0,77,88,67,310,13
8/28/21,3.58,0.01,0,0,79,88,70,140,18.1
8/29/21,3.8,0.54,0,0,77,88,71,310,31.1
8/30/21,5.14,0.04,0,0,74,83,69,270,15
8/31/21,2.91,0.99,0,0,71,75,67,230,18.1
9/1/21,9.17,2.31,0,0,67,68,59,20,18.1
9/2/21,6.93,0,0,0,64,75,52,320,18.1
9/3/21,3.58,0,0,0,61,74,49,350,12.1
9/4/21,2.46,0.02,0,0,67,77,59,250,8.1
9/5/21,4.92,0.28,0,0,68,74,59,300,10.1
9/6/21,7.38,0,0,0,66,78,57,300,19.9
9/7/21,5.37,0,0,0,67,80,55,220,17
9/8/21,6.26,0.31,0,0,68,72,60,220,16.1
9/9/21,7.38,0.05,0,0,65,73,55,300,21
9/10/21,5.82,0,0,0,62,72,53,300,14.1
9/11/21,6.49,0,0,0,62,76,51,210,17
9/12/21,10.51,0,0,0,72,82,66,210,18.1
9/13/21,6.93,0,0,0,74,79,68,230,14.1
9/14/21,6.93,0,0,0,74,84,65,210,16.1
9/15/21,6.93,0,0,0,73,75,62,10,16.1
9/16/21,4.92,0,0,0,66,80,59,110,10.1
9/17/21,3.36,0,0,0,72,83,64,170,10.1
9/18/21,4.03,0,0,0,74,85,64,10,12.1
9/19/21,2.68,0,0,0,72,82,63,90,10.1
9/20/21,6.93,0,0,0,71,84,59,140,16.1
9/21/21,6.93,0.1,0,0,70,76,65,140,14.1
9/22/21,10.51,0.82,0,0,69,82,59,210,25.9
9/23/21,9.62,0,0,0,57,60,52,220,23
9/24/21,7.61,0,0,0,58,70,50,230,18.1
9/25/21,6.04,0,0,0,58,70,47,180,16.1
9/26/21,7.38,0,0,0,58,71,48,240,18.1
9/27/21,10.07,0,0,0,65,78,55,210,21
9/28/21,8.5,0.04,0,0,68,74,55,360,15
9/29/21,3.8,0,0,0,60,70,50,10,10.1
9/30/21,4.03,0,0,0,57,68,45,360,13
10/1/21,1.12,0,0,0,56,69,42,260,6.9
10/2/21,2.24,0,0,0,57,74,43,210,8.9
10/3/21,5.14,0.02,0,0,65,70,60,210,16.1
10/4/21,4.7,0.03,0,0,68,76,61,290,17
10/5/21,2.91,0,0,0,66,78,56,100,10.1
10/6/21,4.7,0,0,0,69,79,61,130,13
10/7/21,4.92,0,0,0,69,80,62,200,10.1
10/8/21,4.47,0.02,0,0,69,77,62,150,8.9
10/9/21,7.38,0.16,0,0,66,69,61,130,17
10/10/21,6.49,0,0,0,66,76,58,120,13
10/11/21,7.61,0,0,0,66,77,57,130,17
10/12/21,4.92,0,0,0,66,75,57,190,13
10/13/21,3.13,0,0,0,65,72,54,270,12.1
10/14/21,2.91,0,0,0,63,78,52,170,8.9
10/15/21,4.25,0.46,0,0,71,80,64,200,15
10/16/21,11.41,0.34,0,0,62,66,50,280,23.9
10/17/21,8.95,0,0,0,51,58,47,310,23.9
10/18/21,8.72,0,0,0,51,63,42,320,23.9
10/19/21,5.82,0,0,0,52,70,37,300,19.9
10/20/21,5.59,0,0,0,58,70,47,210,15
10/21/21,8.5,0.31,0,0,59,70,48,280,30
10/22/21,5.14,0.06,0,0,51,52,48,330,13
10/23/21,3.36,0.09,0,0,47,51,44,330,10.1
10/24/21,4.7,0.76,0,0,51,59,46,130,14.1
10/25/21,7.61,0.03,0,0,60,68,53,210,18.1
10/26/21,17,0.01,0,0,50,56,44,320,25.9
10/27/21,5.82,0,0,0,48,53,44,320,13
10/28/21,8.5,0.15,0,0,53,65,45,130,21.9
10/29/21,9.17,1.19,0,0,53,54,47,100,21
10/30/21,2.01,0.2,0,0,50,56,46,340,6.9
10/31/21,9.84,0.01,0,0,52,59,49,280,18.1
11/1/21,8.5,0,0,0,48,52,38,310,28
11/2/21,6.93,0,0,0,44,49,34,290,19.9
11/3/21,4.7,0,0,0,38,46,29,310,16.1
11/4/21,2.46,0,0,0,36,48,26,360,8.9
11/5/21,1.12,0,0,0,36,48,25,330,10.1
11/6/21,1.12,0,0,0,38,54,25,140,8.1
11/7/21,1.57,0,0,0,40,59,27,290,12.1
11/8/21,3.8,0,0,0,47,65,33,210,12.1
11/9/21,4.25,0,0,0,56,67,45,210,15
11/10/21,4.03,0,0,0,53,62,45,340,12.1
11/11/21,8.95,0.11,0,0,54,71,43,160,21.9
11/12/21,9.84,0.04,0,0,53,56,41,210,28
11/13/21,9.84,0.07,0,0,40,44,32,260,18.1
11/14/21,9.17,0.19,0.3,0,35,37,32,220,17
11/15/21,10.74,0.03,0,0,35,41,33,290,23
11/16/21,4.47,0,0,0,36,43,34,110,8.1
11/17/21,7.16,0,0,0,49,68,33,210,21
11/18/21,10.51,0.12,0,0,52,61,36,270,19.9
11/19/21,8.28,0,0,0,34,36,28,280,28
11/20/21,3.8,0,0,0,34,47,23,170,15
11/21/21,4.7,0.11,0,0,42,48,34,190,16.1
11/22/21,10.07,0,0,0,38,43,29,310,23.9
11/23/21,6.49,0,0,0,29,36,22,320,16.1
11/24/21,3.36,0,0,0,31,45,21,170,12.1
11/25/21,9.17,0.05,0,0,44,49,39,220,17
11/26/21,16.33,0.02,0,0,35,43,27,310,28
11/27/21,6.71,0.07,0.6,0,30,35,27,280,15
11/28/21,9.17,0.02,0.1,0,36,41,30,300,25.1
11/29/21,8.72,0.02,0.1,0,33,39,30,290,18.1
11/30/21,8.72,0.03,0.4,0,36,47,30,270,19.9
12/1/21,5.82,0.04,0,0,39,47,28,230,15
12/2/21,15.21,0.01,0,0,49,57,43,330,28
12/3/21,4.92,0,0,0,41,43,36,300,16.1
12/4/21,6.49,0,0,0,39,51,31,290,19.9
12/5/21,5.82,0.03,0,0,36,55,26,190,15
12/6/21,13.87,0.41,0,0,50,56,29,290,31.1
12/7/21,5.82,0,0,0,27,29,22,300,14.1
12/8/21,6.04,0.01,0.1,0,28,31,25,280,15
12/9/21,5.14,0,0,0,29,40,21,120,17
12/10/21,4.25,0.04,0,0,47,57,40,200,13
12/11/21,17.22,0.87,0,0,56,63,37,270,35.1
12/12/21,8.5,0,0,0,36,45,29,290,21
12/13/21,6.04,0,0,0,38,49,28,210,16.1
12/14/21,3.58,0,0,0,38,50,27,110,12.1
12/15/21,7.38,0,0,0,46,57,40,130,15
12/16/21,11.86,0.03,0,0,58,64,49,220,23.9
12/17/21,4.25,0.07,0,0,44,49,33,260,17
12/18/21,8.5,0.42,0,0,41,56,35,300,23.9
12/19/21,9.62,0.02,0.1,0,34,36,30,10,18.1
12/20/21,4.92,0,0,0,32,40,25,210,10.1
12/21/21,3.8,0,0,0,32,43,22,160,13
12/22/21,12.75,0,0,0,32,35,21,300,25.1
12/23/21,7.38,0,0,0,26,48,19,230,17
12/24/21,8.5,0,0,0,48,57,46,220,17
12/25/21,11.41,0.63,0,0,55,58,43,350,19.9
12/26/21,7.38,0,0,0,42,48,33,310,14.1
12/27/21,8.5,0.41,0.1,0,37,54,32,310,21.9
12/28/21,6.93,0.41,0,0,44,50,37,320,25.9
12/29/21,4.92,0.02,0,0,44,50,39,340,13
12/30/21,2.91,0.02,0,0,45,52,42,280,13
12/31/21,4.92,0.01,0,0,48,52,46,230,10.1
1/1/22,6.04,0.89,0,0,53,58,43,320,19.9
1/2/22,11.63,0.05,0,0,40,43,27,320,18.1
1/3/22,10.96,0,0,0,25,27,20,10,19.9
1/4/22,5.59,0,0,0,26,38,18,130,14.1
1/5/22,14.76,0,0,0,40,49,29,240,28
1/6/22,7.83,0.15,1.5,0,25,29,17,270,23
1/7/22,10.96,0.17,0.9,1.2,18,21,13,280,19.9
1/8/22,5.82,0,0,2,17,35,6,120,15
1/9/22,12.75,0.48,0,0,37,42,24,300,28
1/10/22,14.32,0,0.1,0,22,24,17,290,25.9
1/11/22,8.72,0,0.1,0,17,25,12,310,21.9
1/12/22,8.5,0,0,0,32,43,25,230,19.9
1/13/22,3.8,0.04,0,0,37,42,34,130,14.1
1/14/22,10.96,0,0,0,33,35,23,330,19.9
1/15/22,7.61,0,0,0,20,23,14,360,16.1
1/16/22,9.17,0.3,3.5,0,18,30,12,30,18.1
1/17/22,17.9,0.37,5.7,7.1,25,30,24,290,31.1
1/18/22,9.84,0.01,0.3,7.9,27,29,24,280,19.9
1/19/22,10.29,0.01,0.1,5.1,35,45,26,330,21.9
1/20/22,12.75,0.02,0.5,3.9,26,31,12,350,19.9
1/21/22,4.7,0,0,3.9,14,20,5,40,12.1
1/22/22,6.26,0,0,3.9,11,25,-2,200,16.1
1/23/22,10.29,0.18,3.1,3.9,24,28,14,340,17
1/24/22,5.82,0.18,2.2,5.9,20,31,13,180,14.1
1/25/22,9.84,0,0,7.1,26,31,8,320,21.9
1/26/22,4.92,0,0,5.9,14,17,-1,290,14.1
1/27/22,6.49,0.01,0.1,5.9,11,31,-6,220,17
1/28/22,8.05,0.13,1.1,7.1,27,29,13,340,19.9
1/29/22,10.51,0,0,7.1,12,18,2,300,18.1
1/30/22,3.58,0,0,7.1,12,24,1,80,8.9
1/31/22,1.79,0,0,7.1,18,36,5,110,8.9
2/1/22,7.38,0,0,5.9,29,47,17,120,14.1
2/2/22,5.59,0.26,0,5.9,38,48,29,230,12.1
2/3/22,9.84,1.02,0.3,3.1,36,45,28,350,16.1
2/4/22,10.51,0.38,3,3.9,25,28,18,350,16.1
2/5/22,5.82,0.04,0.9,3.9,17,20,11,310,18.1
2/6/22,2.68,0,0,5.1,18,32,6,190,10.1
2/7/22,4.92,0,0,5.1,28,42,17,310,18.1
2/8/22,7.38,0.02,0.4,3.9,26,30,20,210,15
2/9/22,8.5,0,0,3.9,34,49,23,210,23
2/10/22,10.96,0,0,3.9,40,43,27,240,21.9
2/11/22,10.74,0.01,0,3.1,37,56,24,240,28
2/12/22,10.51,0.03,0,0,38,41,24,290,21.9
2/13/22,8.95,0,0.1,0,24,26,16,280,18.1
2/14/22,7.61,0,0.2,0,17,22,10,290,16.1
2/15/22,3.36,0,0,0,20,35,9,130,8.9
2/16/22,10.07,0,0,0,40,59,27,210,25.1
2/17/22,10.29,1.6,0,0,53,62,35,310,30
2/18/22,14.32,0.03,0.4,0,33,35,20,320,29.1
2/19/22,16.11,0.03,0.5,0,24,30,13,300,38.9
2/20/22,8.72,0,0,0,25,48,11,190,21
2/21/22,7.83,0,0,0,49,62,40,210,19.9
2/22/22,10.07,0.56,0,0,52,61,47,230,25.1
2/23/22,12.53,0.05,0,0,45,58,27,280,23.9
2/24/22,8.28,0.35,0,0,29,36,25,100,16.1
2/25/22,12.53,0.72,0,0,32,35,23,280,28
2/26/22,8.72,0,0,0,26,35,22,230,15
2/27/22,13.42,0,0,0,32,45,24,280,32
2/28/22,4.7,0,0,0,33,41,24,320,12.1
3/1/22,10.51,0.04,0,0,42,58,32,280,23.9
3/2/22,6.49,0,0,0,42,53,30,270,17
3/3/22,12.08,0.11,0.1,0,36,49,22,330,30
3/4/22,3.13,0,0,0,27,42,16,30,8.9
3/5/22,5.82,0,0,0,43,72,31,220,16.1
3/6/22,14.09,0.02,0,0,63,68,57,220,29.1
3/7/22,14.09,0.56,0,0,58,62,35,290,49
3/8/22,6.93,0.01,0,0,35,38,31,300,19.9
3/9/22,5.59,0.3,3,0,33,37,29,320,13
3/10/22,1.79,0,0,1.2,35,48,24,330,8.1
3/11/22,7.61,0.19,1.7,0,41,56,27,330,25.1
3/12/22,18.34,0.78,8,7.9,26,30,15,300,35.1
3/13/22,10.74,0,0,5.1,20,36,9,230,21.9
3/14/22,8.05,0,0,3.9,40,57,28,190,21
3/15/22,4.92,0,0,0,49,61,33,270,17
3/16/22,3.13,0,0,0,52,68,37,210,14.1
3/17/22,3.13,0,0,0,56,68,46,300,13
3/18/22,4.7,0.06,0,0,58,70,43,150,18.1
3/19/22,10.74,0.04,0,0,55,61,43,250,25.9
3/20/22,12.3,0.05,0,0,44,52,37,300,23.9
3/21/22,5.59,0,0,0,49,64,36,280,18.1
3/22/22,6.93,0,0,0,49,54,43,80,16.1
3/23/22,13.87,0.5,0,0,51,63,44,110,28
3/24/22,7.61,0,0,0,53,60,44,210,17
3/25/22,9.84,0.03,0,0,43,45,38,240,18.1
3/26/22,15.21,0.16,0.9,0,37,39,31,280,28
3/27/22,15.66,0.25,2.5,1.2,29,31,24,290,31.1
3/28/22,14.76,0.04,0.9,0,23,27,18,310,31.1
3/29/22,2.91,0,0,0,25,41,14,260,10.1
3/30/22,9.62,0.13,0,0,45,76,32,140,18.1
3/31/22,15.21,0.04,0,0,64,71,41,230,33.1
4/1/22,14.09,0.05,0.2,0,40,42,33,280,35.1
4/2/22,4.47,0,0,0,39,49,34,180,12.1
4/3/22,12.53,0.04,0,0,41,45,35,300,23.9
4/4/22,3.58,0,0,0,38,47,28,200,12.1
4/5/22,5.14,0.43,0,0,46,58,32,120,13
4/6/22,8.28,0.72,0,0,52,58,48,150,19.9
4/7/22,6.93,0.06,0,0,51,55,40,280,23
4/8/22,6.71,0.01,0,0,42,48,36,190,21.9
4/9/22,9.17,0.24,0,0,40,46,35,300,23.9
4/10/22,9.62,0,0,0,40,52,35,310,21.9
4/11/22,6.26,0.25,0,0,46,59,36,210,18.1
4/12/22,5.59,0.1,0,0,55,66,48,340,21
4/13/22,9.4,0,0,0,65,82,55,230,25.1
4/14/22,12.53,0.02,0,0,61,69,47,300,31.1
4/15/22,12.08,0,0,0,55,69,41,210,29.1
4/16/22,10.51,0.26,0,0,55,63,39,220,25.9
4/17/22,8.28,0,0,0,40,46,32,360,18.1
4/18/22,12.53,0.61,0,0,38,41,33,150,23
4/19/22,11.41,0.17,0.7,0,35,40,33,290,23.9
4/20/22,4.47,0,0,0,40,56,29,160,13
4/21/22,8.28,0.19,0,0,53,59,48,230,21
4/22/22,3.8,0,0,0,55,67,42,40,10.1
4/23/22,6.26,0,0,0,65,82,53,290,17
4/24/22,6.71,0,0,0,72,84,57,210,19.9
4/25/22,10.51,0.08,0,0,73,82,56,320,25.1
4/26/22,10.74,0,0,0,55,56,42,300,25.1
4/27/22,14.54,0,0,0,42,43,32,300,23.9
4/28/22,8.05,0,0,0,38,53,29,290,16.1
4/29/22,3.8,0,0,0,46,64,29,340,10.1
4/30/22,5.59,0,0,0,55,70,43,110,12.1
5/1/22,7.38,0.39,0,0,60,72,52,340,23
5/2/22,6.93,0,0,0,60,68,52,270,17
5/3/22,5.82,0.64,0,0,59,70,49,300,45
5/4/22,8.72,0.16,0,0,59,61,53,300,17
5/5/22,4.92,0.01,0,0,57,67,51,70,13
5/6/22,9.4,1.67,0,0,56,56,49,70,18.1
5/7/22,12.08,0.59,0,0,51,53,45,70,23
5/8/22,6.04,0,0,0,51,65,41,60,16.1
5/9/22,6.04,0,0,0,57,72,40,140,16.1
5/10/22,6.26,0,0,0,62,77,43,130,14.1
5/11/22,3.13,0,0,0,66,81,46,50,14.1
5/12/22,6.93,0,0,0,67,81,47,130,18.1
5/13/22,7.61,0,0,0,70,79,61,100,21.9
5/14/22,3.8,0.01,0,0,70,81,60,290,15
5/15/22,3.8,0,0,0,69,82,59,230,14.1
5/16/22,8.95,0.47,0,0,65,70,51,320,35.1
5/17/22,10.51,0,0,0,60,70,50,320,25.9
5/18/22,3.8,0.24,0,0,54,60,42,120,12.1
5/19/22,7.61,0,0,0,62,76,56,290,17
5/20/22,10.29,0.02,0,0,70,83,64,210,21
5/21/22,9.62,0.02,0,0,79,87,64,290,36
5/22/22,8.95,0.01,0,0,67,76,53,320,25.9
5/23/22,4.7,0.01,0,0,56,62,50,30,10.1
5/24/22,6.93,0,0,0,60,68,50,120,13
5/25/22,10.51,0,0,0,64,75,54,130,19.9
5/26/22,6.93,0.08,0,0,66,78,58,210,15
5/27/22,6.26,0.59,0,0,66,73,59,210,17
5/28/22,7.16,0.12,0,0,62,70,55,310,17
5/29/22,2.91,0,0,0,65,79,52,160,12.1
5/30/22,4.47,0,0,0,73,86,59,210,15
5/31/22,6.71,0,0,0,76,88,61,290,18.1
6/1/22,6.71,0.81,0,0,79,88,66,330,38
6/2/22,5.37,0.16,0,0,68,73,54,340,18.1
6/3/22,5.14,0,0,0,62,76,50,310,17
6/4/22,7.16,0,0,0,65,74,51,310,14.1
6/5/22,3.58,0,0,0,65,78,54,80,8.9
6/6/22,7.38,0,0,0,69,82,56,210,18.1
6/7/22,7.83,0.64,0,0,68,74,60,210,18.1
6/8/22,4.03,0.57,0,0,64,77,52,300,21
6/9/22,10.74,0,0,0,64,69,57,300,21
6/10/22,3.58,0,0,0,64,75,53,320,15
6/11/22,5.14,0,0,0,65,75,57,180,10.1
6/12/22,5.14,0,0,0,68,79,61,240,14.1
6/13/22,3.58,0.01,0,0,75,86,68,190,8.9
6/14/22,6.71,0.13,0,0,74,79,66,220,18.1
6/15/22,5.14,0,0,0,78,92,69,200,13
6/16/22,9.17,0,0,0,83,91,71,230,21
6/17/22,14.54,0,0,0,77,84,68,320,30
6/18/22,15.88,0,0,0,65,71,53,320,28
6/19/22,9.84,0,0,0,61,74,46,310,23
6/20/22,3.8,0,0,0,63,70,56,120,13
6/21/22,5.82,0,0,0,72,89,60,240,16.1
6/22/22,6.93,0.43,0,0,80,94,68,330,44.1
6/23/22,9.62,0,0,0,74,83,65,320,16.1
6/24/22,3.13,0,0,0,72,83,57,310,12.1
6/25/22,2.01,0,0,0,74,88,59,210,12.1
6/26/22,6.93,0.03,0,0,76,83,68,210,18.1
6/27/22,9.84,0.22,0,0,71,77,57,310,19.9
6/28/22,2.91,0,0,0,65,76,53,300,12.1
6/29/22,3.8,0,0,0,69,82,54,280,14.1
6/30/22,4.47,0,0,0,73,87,56,200,14.1
7/1/22,7.61,0.06,0,0,77,89,65,210,19.9
7/2/22,5.82,0.04,0,0,75,85,68,310,17
7/3/22,5.14,0,0,0,74,85,63,350,16.1
7/4/22,3.36,0,0,0,74,86,58,210,10.1
7/5/22,8.28,0.22,0,0,75,83,69,230,17
7/6/22,4.92,0.67,0,0,76,82,70,290,15
7/7/22,6.49,0,0,0,75,84,67,330,13
7/8/22,3.58,0,0,0,73,78,66,320,8.9
7/9/22,8.05,0,0,0,74,85,68,40,17
7/10/22,4.7,0,0,0,74,86,63,310,10.1
7/11/22,7.83,0,0,0,76,86,63,210,17
7/12/22,9.84,0,0,0,79,89,72,290,21.9
7/13/22,6.26,0.27,0,0,75,84,63,330,38.9
7/14/22,6.49,0,0,0,69,80,61,300,14.1
7/15/22,3.8,0,0,0,72,84,59,270,13
7/16/22,4.03,0.11,0,0,69,76,63,290,12.1
7/17/22,5.82,1.17,0,0,71,77,65,140,18.1
7/18/22,8.05,0.17,0,0,71,77,68,200,15
7/19/22,6.04,0,0,0,75,85,67,210,15
7/20/22,9.62,0.21,0,0,79,88,69,280,23
7/21/22,8.28,0,0,0,77,86,67,300,21.9
7/22/22,7.16,0,0,0,78,88,68,280,21
7/23/22,7.16,0.14,0,0,76,89,66,290,36
7/24/22,10.51,0,0,0,76,90,68,210,21.9
7/25/22,8.95,0.49,0,0,79,82,65,310,19.9
7/26/22,3.58,0,0,0,70,78,59,220,12.1
7/27/22,5.82,0.08,0,0,72,79,66,210,15
7/28/22,7.61,0.06,0,0,76,83,72,300,15
7/29/22,4.47,0,0,0,73,79,63,310,13
7/30/22,4.03,0,0,0,71,82,60,300,14.1
7/31/22,2.24,0,0,0,69,75,62,150,8.9
8/1/22,6.49,0.06,0,0,69,80,62,210,15
8/2/22,7.61,0,0,0,73,84,67,300,19.9
8/3/22,5.59,0,0,0,75,88,61,210,17
8/4/22,4.92,0.02,0,0,78,88,71,300,35.1
8/5/22,5.37,0,0,0,76,87,69,60,14.1
8/6/22,4.7,0.31,0,0,74,82,69,230,15
8/7/22,5.82,0.21,0,0,77,85,71,280,18.1
8/8/22,7.16,0,0,0,76,85,71,210,15
8/9/22,7.38,0.13,0,0,76,77,70,10,15
8/10/22,4.03,0,0,0,71,74,65,340,8.9
8/11/22,7.38,0.02,0,0,69,79,59,340,18.1
8/12/22,7.16,0,0,0,68,79,57,350,16.1
8/13/22,2.91,0,0,0,66,78,51,340,8.9
8/14/22,2.68,0,0,0,66,71,61,290,8.9
8/15/22,6.93,0,0,0,67,75,59,40,16.1
8/16/22,8.05,0.05,0,0,68,78,62,80,21.9
8/17/22,4.92,0.14,0,0,67,78,61,70,18.1
8/18/22,2.24,0,0,0,68,82,55,320,14.1
8/19/22,2.01,0,0,0,72,85,58,240,12.1
8/20/22,4.7,0.17,0,0,74,87,62,290,23
8/21/22,4.7,1.58,0,0,71,79,62,190,18.1
8/22/22,5.82,0.57,0,0,69,78,64,350,23
8/23/22,6.71,0,0,0,70,80,63,280,15
8/24/22,2.68,0,0,0,72,83,61,230,8.9
8/25/22,2.91,0,0,0,72,84,61,230,10.1
8/26/22,6.49,0.05,0,0,74,82,67,280,18.1
8/27/22,4.03,0,0,0,71,81,63,340,8.9
8/28/22,3.13,0,0,0,72,87,59,210,14.1
8/29/22,7.16,0.03,0,0,77,88,68,310,17
8/30/22,7.61,0.05,0,0,71,77,64,300,21
8/31/22,7.83,0,0,0,68,78,58,290,17
9/1/22,4.92,0,0,0,70,81,60,290,15
9/2/22,3.13,0,0,0,71,84,59,130,13
9/3/22,3.58,0,0,0,73,81,65,210,12.1
9/4/22,3.8,0.83,0,0,71,76,65,210,21.9
9/5/22,3.13,1.71,0,0,71,76,67,320,12.1
9/6/22,5.82,0.06,0,0,69,75,66,330,14.1
9/7/22,8.5,0.04,0,0,68,77,64,340,15
9/8/22,4.47,0,0,0,69,78,60,10,12.1
9/9/22,5.14,0,0,0,68,81,56,150,14.1
9/10/22,5.82,0,0,0,68,73,60,160,10.1
9/11/22,4.25,0.9,0,0,68,74,63,160,12.1
9/12/22,5.82,0.01,0,0,69,75,57,230,14.1
9/13/22,5.82,0,0,0,60,67,52,240,17
9/14/22,4.92,0,0,0,62,74,52,310,13
9/15/22,3.8,0,0,0,65,75,56,300,12.1
9/16/22,1.12,0,0,0,64,78,53,230,8.1
9/17/22,1.79,0,0,0,67,79,55,240,10.1
9/18/22,5.59,0,0,0,69,80,61,280,17
9/19/22,6.26,0.33,0,0,68,74,63,210,14.1
9/20/22,4.7,0,0,0,68,78,58,310,16.1
9/21/22,7.16,0.01,0,0,69,83,59,200,17
9/22/22,14.76,0.7,0,0,66,71,48,310,30
9/23/22,7.38,0,0,0,52,61,42,340,19.9
9/24/22,,0,0,0,55,65,46,210,12.1
9/25/22,9.4,0.27,0,0,62,70,55,280,29.1
9/26/22,10.29,0.03,0,0,58,66,50,300,28
9/27/22,8.72,0.13,0,0,51,59,45,300,19.9
9/28/22,6.71,0.13,0,0,49,60,43,320,19.9
9/29/22,6.71,0,0,0,52,60,47,50,12.1
9/30/22,6.49,0,0,0,50,59,42,40,13
10/1/22,10.51,0.45,0,0,52,54,50,30,19.9
10/2/22,10.07,0.05,0,0,56,66,49,30,17
10/3/22,5.37,0,0,0,52,63,40,20,15
10/4/22,6.26,0,0,0,51,59,42,360,13
10/5/22,4.47,0,0,0,56,71,43,340,13
10/6/22,3.58,0,0,0,56,67,44,230,10.1
10/7/22,9.4,0,0,0,54,58,45,310,19.9
10/8/22,7.16,0,0,0,47,53,39,270,16.1
10/9/22,6.71,0,0,0,46,59,37,230,19.9
10/10/22,4.7,0,0,0,52,66,42,230,15
10/11/22,2.46,0,0,0,56,69,43,160,12.1
10/12/22,6.26,0.07,0,0,56,71,44,190,15
10/13/22,8.5,0.43,0,0,58,61,42,290,25.9
10/14/22,4.7,0,0,0,48,61,35,230,19.9
10/15/22,9.62,0,0,0,54,61,37,270,21.9
10/16/22,5.37,0,0,0,49,64,36,240,17